,Date,Precipitation,Precipitation_(-1d),Precipitation_(-7d),Volumetric Soil moisture,2m_Temp,surface_runoff,snowmelt,snow_albedo,snow_depth,P_evaporation,2m_temperature,lai_hv,lai_lv,volumetric_soil_water_layer_1,volumetric_soil_water_layer_2,Discharge,Evaporation,Sat_Area,Real time storage
0,1/14/1990,0,0,0,0.005456686,8.307882884,0,2.07E-07,0.854327807,0,0,287.7032505,2.34118502,0.514930719,0.012860485,0.05620768,622,232.819472,83.05779529,1692000
1,4/4/1990,0,0,0,0.05611834,14.29663077,0,0,0.879998376,0.00E+00,0,290.7274246,2.344631411,0.532530497,0.061050852,0.073914896,385,280.03154,81.26484,1639600
2,4/11/1990,0,0,0,0.022322655,17.14095622,0,0,0.88000387,0.00E+00,0,296.195757,2.34512819,0.534077951,0.039253725,0.077634784,36,661.206166,80.88661412,1626800
3,4/20/1990,0,0,0,0.11344097,13.94071959,5.77E-06,0,0.88000387,0.00E+00,0,291.3226481,2.345376579,0.535315914,0.116726756,0.085404037,0,536.174092,80.57968235,1613600
4,5/6/1990,0,0.319,1.164,0.11418036,14.37292573,0,2.17E-19,0.879998587,0,0,291.2434628,2.345295738,0.536659004,0.118193838,0.108626271,523,563.486792,80.21338235,1586200
5,5/13/1990,0,0,0,0.02350825,21.21133517,0,2.17E-19,0.879998587,0,0,299.7234988,2.345295738,0.53728515,0.03608383,0.110038833,765,1037.60469,79.46978824,1578100
6,6/23/1990,0,0,0,0.004564315,29.34043728,6.62E-07,2.17E-19,0.880004346,0,0,307.1582151,2.345746191,0.539022576,0.016320221,0.114735147,0,818.816969,78.27284824,1455300
7,8/10/1990,0,0,0,0.027810797,26.01031114,0,0,0.880000347,0.00E+00,0,304.7788168,2.349039314,0.554524368,0.041229384,0.139968348,71,496.993247,75.58039412,1321700
8,9/2/1990,0,0,0,0.034784093,25.68350855,0,2.71E-20,0.87999724,0,0,299.4608312,2.349404709,0.556630862,0.050237307,0.18281344,0,460.87925,75.07672235,1296800
9,9/11/1990,0,0,0,0.100310236,23.05092349,2.88E-07,2.71E-20,0.87999724,0,0,301.4625195,2.349404709,0.556630862,0.121004232,0.205152995,153,484.366402,74.55615176,1272800
10,9/27/1990,0,0,18.306,0.20626116,20.81457517,0,2.71E-20,0.880001538,0,0,299.0328937,2.347814446,0.548879605,0.198195981,0.215365363,214,362.765521,74.11413529,1251900
11,10/4/1990,0,0,0,0.33654857,17.08675399,0,0,0.880000237,1.39E-17,0,298.3467659,2.346834363,0.544439005,0.312025458,0.32464525,1030,364.577938,74.0952,1260900
12,10/13/1990,0,0,0,0.10949537,15.2669301,0,0,0.880000237,1.39E-17,0,293.4500111,2.345618345,0.538695037,0.09102914,0.248093851,44,395.919106,74.34788824,1271100
13,10/20/1990,0,0,0,0.04029773,17.17489572,0,0,0.880000237,1.39E-17,0,296.6499407,2.344969802,0.535971604,0.051936505,0.216311721,0,498.975733,74.14974706,1272600
14,10/29/1990,0,0,0,0.037875563,15.59607999,0,0,0.88000536,1.39E-17,0,293.8784595,2.344321258,0.533248171,0.041037823,0.195314112,23,337.866556,74.48532,1274300
15,3/29/1991,0,0,0,0.03421651,7.372257213,8.17E-08,1.06E-05,0.856858283,0.000545928,0,283.3746344,2.344231777,0.531200336,0.040291078,0.134588808,911,472.957294,77.46885882,1415400
16,4/7/1991,0,0,0,0.012532458,20.03668,0,2.17E-19,0.879998768,0,0,301.0161524,2.344714207,0.53320106,0.019058281,0.133114615,769,550.30327,77.00276118,1409600
17,4/14/1991,0,0,0,0.022296622,10.8781934,1.50E-06,2.17E-19,0.879834983,0,0,286.1583251,2.345210986,0.534748514,0.030466063,0.134210507,1290,486.03805,76.89574588,1403600
18,4/30/1991,0,0,0,0.033645883,16.63017105,0,2.17E-19,0.879998768,0,0,295.5664347,2.345376579,0.536192805,0.045569966,0.13564687,2490,709.888969,76.93994471,1416700
19,5/16/1991,0,0,7.599,0.032878697,20.13111008,0,0,0.879998018,0.00E+00,0,298.0569639,2.345295738,0.537389507,0.045422827,0.134504472,1990,702.44302,77.50774588,1442700
20,5/25/1991,0,0,0,0.045083895,21.96524277,0,0,0.879998018,0.00E+00,0,300.5017179,2.345295738,0.537389507,0.080897434,0.14353147,3660,865.242979,77.79611294,1450800
21,6/17/1991,0,0,10.87,0.031331643,26.68574996,0,0,0.880006671,0,0,305.8234296,2.345485089,0.53782844,0.045019926,0.137892342,3300,884.056039,78.51084,1499600
22,6/26/1991,0,0,0,0.027736664,29.64008803,0,0,0.880001236,0,0,309.9394048,2.345833226,0.539541766,0.038272053,0.136213223,2170,1455.06437,78.74708824,1520600
23,7/3/1991,0,10.651,0,0.036759004,24.61241805,0,0.00E+00,0.880001724,0.00E+00,0,298.718362,2.346187644,0.540827087,0.074183389,0.134983567,2220,680.412179,78.66762,1527800
24,7/28/1991,0,0,0,0.06141667,24.38937505,0,0.00E+00,0.880001724,0.00E+00,0,303.6462697,2.347901177,0.548811793,0.09266735,0.195845789,6410,641.738574,79.23498706,1511100
25,8/13/1991,0,0,0,0.14573719,23.90535997,0,0,0.880000591,0,0,301.9681729,2.349216821,0.555790908,0.139825686,0.191018618,435,553.888164,79.95980824,1550600
26,8/20/1991,0,0,0,0.064998984,23.56080895,5.65E-07,0,0.880003095,0,0,298.8462562,2.349394328,0.556616912,0.091973977,0.186401229,2500,405.445592,80.28099529,1563900
27,9/14/1991,0,0,0,0.3091601,19.16144274,1.49E-06,0,0.880003989,0,0,293.7686157,2.349404709,0.556630862,0.323592239,0.313174895,2390,336.659288,80.20576588,1556500
28,9/30/1991,0,0,0,0.037012607,19.53910948,0,0,0.879996763,0,0,297.3859009,2.347395956,0.547067623,0.049480054,0.230397575,42,458.220596,80.32228235,1573400
29,10/7/1991,0,0,0,0.039986238,19.61404547,0,1.08E-19,0.880002241,0,0,298.4965902,2.346429024,0.54255736,0.053367497,0.207850108,19,422.460354,80.21990824,1564500
30,10/16/1991,0,0,0,0.039732635,20.41719104,0,1.08E-19,0.880002241,0,0,298.4740529,2.345213005,0.537160011,0.048358573,0.190785043,0,369.418663,79.81098706,1551500
31,11/1/1991,0,0,0,0.098102026,6.871066561,0,0,0.879998745,0.00E+00,0,282.7005588,2.344243761,0.532340892,0.10026734,0.174564107,17,83.9587892,80.67376588,1551500
32,11/17/1991,0,0,12.122,0.15104407,5.362190075,0,0,0.870210375,0.000117059,0.00E+00,280.0504499,2.343161541,0.52793811,0.18184351,0.167112808,2060,204.118945,80.83958824,1578100
33,3/24/1992,0,0,2.037,0.034890503,12.16134975,0,0,0.879998793,0,0,291.1816951,2.343845195,0.530176039,0.048995036,0.168883079,857,314.469503,83.23044,1770100
34,5/11/1992,0,0,0,0.18149367,17.03910937,0,0,0.880000641,0.00E+00,0,293.1217251,2.345295738,0.537024256,0.166157048,0.172203501,4700,508.36784,85.53939176,1916900
35,6/12/1992,0,0,0,0.042756706,24.40700288,0,0,0.879998797,0,0,304.2360615,2.34531102,0.537413089,0.059539956,0.230601815,2580,1193.64704,86.65966588,2016100
36,6/28/1992,0,0,0,0.033768535,27.18194476,0,0,0.880004287,0,0,306.082573,2.34592026,0.539905198,0.050070424,0.194231513,403,1103.92304,86.80636588,1992300
37,7/5/1992,0,0,0,0.034859344,28.21981625,9.07E-06,0,0.879999923,0,0,304.5725491,2.346277829,0.541264605,0.047370056,0.18401657,0.5,1093.92459,86.48956588,1965600
38,8/6/1992,0,0,9.924,0.03772658,27.52221779,9.30E-07,0,0.880002081,0,0,305.1937866,2.348595547,0.552652091,0.054618108,0.174271298,173,980.617993,85.01986588,1870800
39,8/15/1992,0,0,0,0.037907332,26.56787971,2.79E-06,0,0.880002081,0,0,303.5755127,2.349394328,0.556616912,0.060843797,0.170961865,779,706.58568,84.72196588,1852400
40,8/31/1992,0,0,10.906,0.03995803,24.24434265,0,0,0.880002081,0,0,301.7796233,2.349394328,0.556616912,0.060654423,0.166382264,328,679.548056,84.31156588,1821800
41,9/7/1992,0,0,0,0.032135457,25.3297551,0,0,0.880002439,8.67E-19,0,305.308666,2.349404709,0.556630862,0.04856588,0.160862656,41,862.959478,83.70406588,1805700
42,9/16/1992,0,36.862,0,0.24651766,20.54312123,3.98E-06,0,0.879998461,8.67E-19,0,295.4690096,2.349237313,0.556026868,0.191111896,0.157116983,0,372.291039,84.02263412,1785900
43,9/23/1992,0,0,0,0.04836653,20.56616997,0,0,0.880002439,8.67E-19,0,298.6003533,2.348400333,0.551597579,0.056686401,0.159720682,578,592.95076,83.41944,1774400
44,10/2/1992,0,0,0,0.03398046,20.28940234,0,0,0.880004168,3.47E-18,0,298.0477343,2.347158635,0.54582548,0.046283957,0.15371098,0,500.69504,83.20484824,1776400
45,10/9/1992,0,0,0,0.03446041,17.25895083,0,0,0.879999266,3.47E-18,0,294.0352601,2.34618582,0.541269919,0.047269946,0.151173642,0,500.433118,83.30405647,1775000
46,11/26/1992,0,0,0,0.079301536,0,0,0,0.818834569,0.007630011,0.00E+00,275.4018997,2.343161541,0.526750843,0.09517677,0.146850922,715,112.399943,84.85911882,1802100
47,2/7/1993,0,0,0,0.023863867,6.993185522,0,6.67E-08,0.850092162,2.78E-17,0,285.3449849,2.342675652,0.524677764,0.041165242,0.20293884,864,156.925063,85.66808824,1925900
48,3/2/1993,0,0,0,0.03528451,7.115954338,4.34E-19,4.66E-07,0.874692148,0.000118564,0,282.112816,2.343149348,0.52817866,0.058435237,0.171497309,2560,273.498974,85.68637412,1914500
49,3/11/1993,0,0,0,0.007972583,12.87749901,4.34E-19,0,0.879998853,0.00E+00,0,294.1949938,2.343149348,0.52817866,0.018110804,0.154409555,870,507.35956,85.47754235,1911300
50,4/3/1993,0,0.845,0,0.010318056,13.91976227,0,0,0.880004346,5.55E-17,0,294.3873027,2.344465817,0.532272588,0.021344254,0.144739983,2150,772.408712,84.88576588,1882400
51,4/19/1993,0,0,0,0.019112468,18.32476325,0,0,0.879998853,5.55E-17,0,297.9599226,2.345376579,0.535264332,0.026366632,0.144507106,3660,849.543049,84.64996588,1882000
52,5/14/1993,2.665,0,0,0.03900788,21.22658755,0,0,0.880003154,2.78E-17,0,297.3196936,2.345295738,0.537337328,0.048229294,0.145485075,1010,860.954706,85.61026588,1919000
53,5/30/1993,0,3.074,0,0.03377702,24.23628162,0,0,0.879997661,2.78E-17,0,302.1286967,2.345295738,0.537389507,0.049708225,0.148305068,5030,953.766778,85.88836588,1962800
54,6/15/1993,5.567,2.254,0,0.03639461,26.21371803,4.49E-06,0.00E+00,0.879999807,0,0,304.0004883,2.34531102,0.537413089,0.054670693,0.142082254,4210,1088.04028,85.95789176,2003700
55,6/22/1993,0,2.437,5.567,0.03248118,27.36555527,2.64E-07,0.00E+00,0.879999807,0,0,304.3101971,2.345746191,0.538762981,0.045578735,0.140235976,4730,1151.80293,86.64099176,2012400
56,7/24/1993,0,3.17,3.359,0.024166226,28.1417393,0,5.42E-20,0.880000336,0,0,306.6974523,2.347540433,0.5471711,0.045571828,0.153884448,52,1264.24291,86.13367412,1945900
57,8/9/1993,0,7.429,9.761,0.0694946,26.28090834,2.39E-05,0,0.880003333,0,0,302.0689295,2.348861807,0.554138899,0.080303766,0.163549292,298,617.383933,85.08152471,1880000
58,9/3/1993,0,21.037,15.052,0.12041666,21.84250623,0,0.00E+00,0.880003512,0,0,304.0122626,2.349404709,0.556630862,0.134397059,0.184035639,2000,753.792911,84.22696588,1817400
59,9/10/1993,0,0,0,0.044713885,24.20121357,0,0.00E+00,0.879999246,0,0,301.5328234,2.349404709,0.556630862,0.064074113,0.172879186,612,637.015337,84.02983412,1802400
60,9/19/1993,0,0,0,0.032558933,19.47505276,0,0.00E+00,0.879999246,0,0,299.6666517,2.348902521,0.554063888,0.048306789,0.167513356,260,776.313591,83.07924,1768200
61,9/26/1993,0,0,0,0.03287857,21.68778867,0,0.00E+00,0.880003512,0,0,299.3683053,2.347981842,0.549684931,0.052745251,0.163175978,26,443.491431,83.00656588,1767500
62,10/5/1993,0,0,0,0.023332573,23.71153145,0,1.08E-19,0.879999107,0,0,301.635369,2.346834363,0.543844801,0.026508339,0.157152671,0,628.939006,83.07226588,1770100
63,10/12/1993,2.16,0,0,0.016689256,20.73509817,0,1.08E-19,0.880004048,0,0,299.2024574,2.345699413,0.539289241,0.016562525,0.151228199,0,499.778705,82.89614824,1771800
64,10/28/1993,0,2.795,0,0.057253264,10.32595709,0,2.32E-07,0.873862093,4.00E-05,0,283.4796059,2.344321258,0.533545273,0.073228773,0.149285399,310,129.792833,83.01787412,1776000
65,11/6/1993,0,0,0,0.016045645,9.450844762,0,0,0.87999879,0,0,291.9560094,2.343857254,0.530955747,0.031627238,0.150171454,1120,446.341971,83.20074,1783600
66,11/29/1993,0,2.437,0.814,0.013605163,9.231978723,0,0,0.87999879,0,0.00E+00,285.1031847,2.343161541,0.526305618,0.02162238,0.136024608,1210,246.558272,84.27357882,1834200
67,12/24/1993,0,0,0,0.036809273,0,0.00E+00,4.94E-07,0.832194357,0.001199537,0.00E+00,276.810221,2.342520695,0.521356575,0.025308138,0.116704809,1080,77.5220347,86.24358353,1892300
68,1/16/1994,0,13.352,0,0.010227874,8.461085888,0,0,0.879998734,0,0,285.084866,2.34118502,0.515126902,0.013090405,0.095391053,585,137.648758,86.01177529,1932900
69,1/25/1994,0,2.976,0,0.008721322,10.09812878,9.60E-07,0,0.879998734,0,0,289.6432314,2.341795698,0.519099603,0.016852982,0.089379002,528,276.485279,86.31204706,1945200
70,2/10/1994,0,0,2.23,0.19469687,4.557526162,0,7.58E-07,0.844230618,0.00041176,0,283.5005045,2.342906556,0.526080511,0.182235918,0.097752315,683,298.524812,86.13541412,1967400
71,2/26/1994,0.82,0,0,0.008416027,11.25887708,0,0.00E+00,0.879998674,0,0,291.332012,2.34313746,0.528184633,0.023884777,0.101400703,692,460.915906,86.22766588,1987600
72,3/21/1994,0,3.363,2.523,0.004374236,12.91466016,1.26E-06,4.34E-19,0.880003929,0.00E+00,0,290.363967,2.343613246,0.529561461,0.019687252,0.101419964,718,786.468609,86.54582824,2006300
73,4/6/1994,0,0,0,0.004042402,12.38596215,4.34E-19,4.34E-19,0.879998661,0.00E+00,0,288.2419225,2.344714207,0.532943151,0.014082338,0.103467249,1240,784.010699,86.26096588,1996900
74,4/15/1994,0,0,0.873,0.004387513,18.89924592,1.17E-07,4.34E-19,0.880004108,0.00E+00,0,298.7544215,2.345376579,0.53490326,0.014593783,0.108563499,1860,805.955745,86.22856588,2003700
75,5/17/1994,1.669,0,0,0.010758817,22.82687722,0,0,0.880004048,0,0,303.3398141,2.345295738,0.537389507,0.040888701,0.112978427,4640,1151.52662,86.43157412,2011600
76,5/24/1994,0,5.204,1.669,0.020992711,23.5411688,9.38E-07,0,0.879998595,0,0,298.5578071,2.345295738,0.537389507,0.036453692,0.109678675,4400,706.993017,86.81186471,2011300
77,6/2/1994,0,2.68,0,0.029169202,25.26816607,0,0.00E+00,0.880003333,0,0,301.8974293,2.34531102,0.537413089,0.053746677,0.117068024,2910,1152.49386,86.66596588,2014200
78,6/9/1994,0,0,0,0.024948224,27.91674178,0,0.00E+00,0.880003333,0,0,306.923747,2.34531102,0.537413089,0.039826981,0.117046952,3050,1233.07497,86.52736588,2009800
79,6/18/1994,0,4.042,0,0.0146745,29.34491481,0,0.00E+00,0.879997902,0,0,306.0964692,2.345485089,0.537984197,0.014459416,0.116762476,3840,1192.93221,86.69566588,2014200
80,6/25/1994,0,0,0,0.016127959,32.25903136,0,0.00E+00,0.879997902,0,0,311.5542243,2.345833226,0.539386009,0.020633291,0.113116965,4060,1194.50539,86.71636588,2018100
81,7/11/1994,0,0,0,0.012716651,29.75018991,0,0,0.880001655,0.00E+00,0,308.1621827,2.346548387,0.54241309,0.020260105,0.109755891,0.57,886.444786,86.59036588,2003400
82,7/20/1994,0,0,0,0.041141942,26.25305326,2.03E-07,0,0.880001655,0.00E+00,0,305.2035557,2.347179689,0.545311648,0.056461328,0.113108767,0,863.379886,86.48169176,1993400
83,8/12/1994,0,9.059,0,0.030556291,27.19328031,0,0,0.879998326,0,0,304.5448299,2.349128068,0.555405439,0.044847841,0.120804148,220,1099.92385,86.54893412,1981600
84,8/21/1994,0,8.901,0,0.07033709,24.49674928,2.38E-07,0,0.880004287,0,0,300.7959993,2.349394328,0.556616912,0.082558926,0.121250512,623,960.631538,86.76249176,1983700
85,8/28/1994,0,0,0,0.03196329,29.01925775,0,0,0.879999399,0,0,305.7052402,2.349394328,0.556616912,0.050088346,0.120575523,36,901.464613,86.92719176,1986600
86,9/22/1994,0,0,0,0.030881494,20.8991893,1.45E-05,0,0.880001468,0,0,298.1085276,2.348484031,0.552201573,0.055666192,0.137226362,96,522.169658,86.80006588,1994100
87,9/29/1994,0,0,0,0.030456737,24.32468941,0,0,0.880001468,0,0,304.4380251,2.347563352,0.54772195,0.045834583,0.133198886,0,741.204268,86.50666588,1986600
88,10/8/1994,0,0,0,0.046006694,14.54295312,1.62E-06,2.17E-19,0.879996333,0,0,290.5543208,2.346347956,0.54191364,0.050204645,0.129848175,0,639.722893,85.94686588,1980500
89,10/31/1994,0,0,0,0.044055477,13.62169903,0.00E+00,2.17E-19,0.880001502,0,0,296.0362341,2.344240191,0.532703485,0.052121945,0.209489524,336,399.002689,86.25466588,1974500
90,11/9/1994,0,5.744,8.473,0.037385523,10.29145892,0,1.21E-06,0.863139409,2.42E-05,0,288.627522,2.34362535,0.529966358,0.048206111,0.192488248,607,679.540781,86.53082118,1979800
91,12/2/1994,0,0,0,0.045820862,8.726019901,0,0,0.879998734,0.00E+00,0.00E+00,284.7150255,2.343131402,0.52594329,0.065298295,0.217369905,682,101.374702,87.17895176,2022500
92,1/19/1995,0,0,0,0.16350332,1.639608459,0.00E+00,0,0.821590883,0.001620125,0.00E+00,279.1843036,2.34133769,0.516353044,0.154078165,0.22134799,830,285.342274,87.00279529,2038400
93,2/4/1995,0,0,0,0.072088175,9.018755249,0,0,0.879998376,2.78E-17,0,289.7474796,2.342444748,0.523375212,0.055599129,0.193499508,811,366.868649,86.87768824,2038400
94,2/20/1995,0,0,1.17,0.02176997,11.69774457,0,0,0.88000387,2.78E-17,0,290.7568747,2.34313746,0.528184633,0.031457925,0.172428614,1610,367.086839,86.72874,2040200
95,3/8/1995,0,0,0,0.03374493,6.514976067,0,0.00E+00,0.880004227,2.78E-17,0,284.4251493,2.343149348,0.52817866,0.053244008,0.163952397,1070,489.04183,86.50987412,2037700
96,3/17/1995,1.142,0,0,0.02362439,15.61281615,1.17E-06,0.00E+00,0.879998734,2.78E-17,0,293.4808926,2.343381297,0.528588379,0.030242191,0.15931377,966,507.782479,86.38066588,2027900
97,3/24/1995,0,0,1.142,0.021683604,15.222311,0,0.00E+00,0.879998734,2.78E-17,0,294.4861935,2.343845195,0.530176039,0.028932479,0.155128798,1690,1091.18178,86.70039176,2012400
98,4/2/1995,0,0,0,0.030661002,13.59636749,0,0,0.87999888,0,0,290.9752572,2.344383021,0.532169424,0.039639163,0.153663376,970,785.050602,86.32959176,2000900
99,4/9/1995,0,0,0,0.011232808,16.85631531,0,0,0.87999888,0,0,298.3421653,2.344962597,0.533613715,0.02444662,0.150030095,456,999.203333,86.00626588,1979500
100,4/18/1995,0,0,0,0.011288703,9.914226629,0,0,0.878577634,0,0,285.7913836,2.345376579,0.53521275,0.027018792,0.14643741,1490,912.800249,85.73356588,1958900
101,4/25/1995,0,0,0,0.015114382,16.38508048,0,0,0.880004346,0,0,294.3911872,2.345376579,0.53578015,0.020222404,0.144671513,1760,673.77186,85.76647412,1955000
102,5/4/1995,0,0,0,0.014265925,19.71271973,4.34E-19,2.17E-19,0.879998436,0,0,299.561289,2.345295738,0.536554646,0.015264025,0.136601454,2810,953.417898,85.74436588,1961700
103,5/11/1995,1.219,0,0,0.014103353,20.22960358,4.34E-19,2.17E-19,0.879998436,0,0,299.9006511,2.345295738,0.537024256,0.015328259,0.131813181,3200,981.119793,85.19626588,1985100
104,5/27/1995,0,0,1.055,0.010790795,19.56476187,4.34E-19,2.17E-19,0.879998436,0,0,296.3043337,2.345295738,0.537389507,0.016463065,0.127074786,4590,1133.08907,86.51926588,2016300
105,6/5/1995,0,0,0,0.012320057,24.41521519,5.01E-07,4.34E-19,0.880005062,0,0,302.1255772,2.34531102,0.537413089,0.017868549,0.122449542,4000,1253.58984,86.50396588,2014200
106,6/12/1995,0,0,0,0.006197944,25.22554834,0,4.34E-19,0.879999571,0,0,301.8114297,2.34531102,0.537413089,0.013684036,0.120450611,3850,1111.92205,86.86306588,2013800
107,6/21/1995,3.121,0,0,0.012629971,27.0280641,0,4.34E-19,0.880005062,0,0,306.4809353,2.345572123,0.538555306,0.018510674,0.118289087,4280,1353.38669,86.94519176,2011300
108,6/28/1995,5.696,0,3.121,0.040166795,25.40125325,1.75E-06,4.34E-19,0.87999408,0,0,302.300747,2.34592026,0.539905198,0.051922569,0.117074426,4090,1051.39788,86.85766588,2014200
109,7/7/1995,0,0,4.293,0.028527156,27.92309848,0.00E+00,0,0.879998939,0.00E+00,0,307.9135015,2.346458201,0.541647433,0.036553635,0.11934633,4130,1178.61763,87.04306588,2029300
110,7/23/1995,0,0,0,0.04309322,27.38486088,0.00E+00,0,0.879998939,0.00E+00,0,307.5134357,2.347540433,0.546678892,0.058067834,0.124734784,3690,1074.18623,86.78435647,2021400
111,8/8/1995,0,0,0,0.03069657,29.39784963,0,2.71E-20,0.880002004,0,0,306.6462223,2.348861807,0.553643296,0.042622799,0.118412527,191,1167.0896,87.16389176,1999800
112,8/24/1995,4.29,7.051,9.677,0.052847967,25.01715302,7.62E-07,2.71E-20,0.879999483,0,0,298.995198,2.349394328,0.556616912,0.073104507,0.134884098,246,539.766224,87.06936,1980500
113,8/31/1995,0,0,4.29,0.03473057,27.32302128,0,2.71E-20,0.880002004,0,0,303.1245922,2.349394328,0.556616912,0.059028006,0.136387456,649,859.836112,86.8746,1981200
114,9/25/1995,0,0,0,0.067099035,18.9052546,6.96E-06,0,0.880000758,0,0,297.0421733,2.347981842,0.550288925,0.091810678,0.149046238,110,575.952937,85.69846588,1961400
115,10/2/1995,0,0,0,0.032921866,19.73638781,0,0,0.879998858,3.47E-18,0,299.4229758,2.347158635,0.54582548,0.055977689,0.145598182,537,693.758321,85.54276588,1955700
116,10/18/1995,0,0,0,0.0321801,20.35614455,0,0,0.879998858,3.47E-18,0,298.4591076,2.345131937,0.536516291,0.04475916,0.137022615,164,552.563365,85.25746588,1943100
117,11/19/1995,0,0,0,0.03423266,12.43621979,0,0,0.879998376,2.78E-17,0,290.3026644,2.343161541,0.527641293,0.038192254,0.124357041,1120,378.177516,85.56526588,1967700
118,2/7/1996,0,1.861,0,0.023453504,11.72419509,0,0,0.879998685,0,0,291.5526605,2.342614819,0.524640387,0.034867393,0.129358556,997,305.433025,86.25241412,2035480
119,3/10/1996,0,0,0,0.022607401,11.9596644,0,0,0.880004346,0,0,288.5299225,2.343149348,0.52817866,0.026320376,0.130499506,684,549.714082,86.31496588,2035100
120,3/19/1996,0,0,0,0.02367872,9.761113872,0,0,0.879998854,0,0,289.082808,2.343535929,0.529100527,0.033492803,0.13140429,451,486.19129,86.50508471,2019900
121,3/26/1996,0,0,0,0.01979518,9.687715509,0,0,0.879998854,0,0,290.2698309,2.343999828,0.530636973,0.027222639,0.13086142,316,747.840927,86.36356588,2013100
122,4/11/1996,0,0,0,0.010415047,17.29685743,4.34E-19,0,0.880003989,0,0,298.2503823,2.34512819,0.534077951,0.023207551,0.131513639,0,1282.8588,85.60846588,1988400
123,5/6/1996,0,0,0,0.010348082,23.35418252,0,0,0.879998734,0,0,303.7889135,2.345295738,0.536659004,0.021733296,0.131424054,0,1063.56352,84.99646588,1937500
124,5/29/1996,0,0,0,0.006123677,23.72494347,0,0,0.880004227,0,0,302.0359213,2.345295738,0.537389507,0.017319548,0.132177564,0,1343.40113,84.14776588,1865600
125,6/7/1996,0,0,0,0.005381048,27.1988286,4.34E-19,0,0.880002131,0.00E+00,0,308.9536893,2.34531102,0.537413089,0.017214498,0.135474084,0,1177.54653,83.55826588,1837900
126,6/23/1996,0,0,0,0.041355506,27.06796592,9.83E-06,0,0.880002131,0.00E+00,0,301.4106221,2.345746191,0.539022576,0.055720607,0.138180936,0,944.891814,82.87696588,1774100
127,7/25/1996,0,0,0,0.03602326,28.97757893,8.82E-08,0,0.880000889,0,0,305.8909905,2.347630619,0.547553928,0.05448303,0.201760334,0,1098.37497,81.97696588,1704700
128,8/17/1996,0,0,0,0.03907895,27.07788901,5.31E-06,0,0.880000888,0,0,304.2080106,2.349394328,0.556616912,0.056997786,0.176862997,0,790.424491,81.53956588,1647700
129,9/2/1996,0,0,14.636,0.008570671,25.67927618,1.73E-18,0.00E+00,0.88000116,0,0,304.0807462,2.349404709,0.556630862,0.03859,0.172855961,816,735.998842,81.15414,1642400
130,9/18/1996,0,0,13.252,0.14088483,18.31008032,1.73E-18,0.00E+00,0.880005598,0,0,295.1455145,2.348986219,0.55481888,0.164126756,0.247284628,1050,683.049388,81.27226588,1641200
131,9/27/1996,0,0,0,0.040758982,18.96755323,1.73E-18,0.00E+00,0.879996721,0,0,296.1182007,2.347814446,0.548879605,0.064474101,0.210253829,0,597.374652,80.85511412,1648300
132,12/7/1996,0,1.332,6.098,0.015205547,9.07774673,2.69E-07,3.51E-06,0.862094429,0.000133499,0.00E+00,287.4621912,2.343131402,0.525154177,0.026298262,0.171571356,482,232.945507,82.78641529,1693274
133,12/23/1996,0.506,2.135,0,0.02164565,6.885976831,0,0,0.879998864,0.00E+00,0,284.243925,2.342673372,0.521652492,0.036137737,0.15897369,519,396.508547,81.75408706,1706901
134,1/17/1997,0,0,0,0.21876962,0,2.17E-19,8.16E-06,0.723851956,0.0132597,0.00E+00,275.8465135,2.34118502,0.515519268,0.175540176,0.152322678,445,0,86.48864118,1738610
135,1/24/1997,0,0,0,0.24501917,4.99289678,4.13E-07,2.84E-05,0.607417659,0.001757696,0.00E+00,283.2992479,2.341643028,0.518609146,0.246428531,0.16793971,622,220.058714,83.45985529,1748634
136,3/22/1997,0,0,0,0.0248276,18.24553084,0.00E+00,0.00E+00,0.879998615,2.78E-17,0,300.3817906,2.343767878,0.529715105,0.031745543,0.152878245,640,630.978706,82.21884,1707537
137,4/7/1997,0,0,0,0.03627564,12.54200442,1.34E-07,2.39E-06,0.868286687,3.54E-05,0,291.9092089,2.344714207,0.53320106,0.054459281,0.149261996,1290,551.052154,81.36564,1674718
138,4/14/1997,0,0,0,0.07789843,10.67308403,4.01E-07,8.56E-06,0.871297116,0.000177145,0,285.1196526,2.345210986,0.534748514,0.107337772,0.149145576,845,619.355906,81.60487412,1664411
139,4/30/1997,0.836,3.711,0,0.031033441,19.01065141,4.34E-19,0.00E+00,0.879998793,0,0,297.6311303,2.345376579,0.536192805,0.051026982,0.148330637,1170,706.478044,81.48043059,1660054
140,6/10/1997,0,0,0,0.20834306,21.12892613,0.00E+00,0,0.879999134,0,0,298.2686214,2.34531102,0.537413089,0.225303962,0.237472514,4320,876.706586,83.48225647,1791167
141,6/17/1997,0,0,0,0.042956874,23.37758555,0.00E+00,0,0.879999134,0,0,299.324744,2.345485089,0.53782844,0.061269251,0.206855011,3720,797.387265,83.29186588,1836855
142,7/3/1997,0,0,3.506,0.032600954,30.71304962,0,0,0.880004942,0,0,310.0108577,2.346187644,0.540827087,0.041842851,0.173724678,1120,1223.59848,84.19546588,1855441
143,7/12/1997,0,0,5.346,0.03714934,25.40001233,0,0,0.880001908,0,0,301.1374082,2.346638573,0.54252247,0.060429335,0.167798219,287,1037.2651,83.70226588,1819410
144,8/13/1997,0,0,12.274,0.051732406,25.20281285,3.09E-07,0,0.879999751,0,0,301.4426052,2.349216821,0.555790908,0.064023638,0.213490261,1050,1101.89314,83.60416588,1752202
145,8/20/1997,0,11.84,0,0.051488295,25.82944099,0,0,0.880004525,0,0,303.1323478,2.349394328,0.556616912,0.075647394,0.20354927,299,730.523278,82.76086588,1738610
146,9/14/1997,0,0,0,0.056107327,23.76934898,0,0,0.879999823,0,0,298.4943588,2.349404709,0.556630862,0.12915625,0.181909809,297,230.204056,82.41343412,1665969
147,10/16/1997,0,0,0,0.033821568,15.61594126,0,0,0.880002367,0,0,293.4474027,2.345213005,0.537160011,0.054816675,0.213446254,1430,437.092311,82.96603412,1731845
148,11/17/1997,0,0,0,0.06749755,6.687612688,0.00E+00,0.00E+00,0.879998912,1.39E-17,0.00E+00,281.8161605,2.343161541,0.52793811,0.085130158,0.177062428,1610,264.981304,84.35116588,1828788
149,11/24/1997,0,0,0,0.005227178,10.57689811,0.00E+00,0.00E+00,0.879998912,1.39E-17,0,288.3113344,2.343161541,0.52704766,0.016438651,0.166861323,1440,304.968806,84.19096588,1847314
150,12/10/1997,0,0,0,0.032832235,1.32722983,0.00E+00,0,0.860694525,0.000254688,0.00E+00,277.0321561,2.343131402,0.524759621,0.054086828,0.16205242,1140,96.6116978,85.84862824,1884095
151,1/11/1998,0,0,0,0.19368301,4.819374083,1.79E-07,6.99E-06,0.554685702,0.000800686,0.00E+00,283.0166395,2.34133769,0.515862588,0.22766409,0.185891518,957,316.099552,86.09225294,1946234
152,2/12/1998,0,0.536,3.932,0.029919893,5.631265165,1.87E-07,1.37E-06,0.861238492,0.00016719,0,284.9462023,2.342983524,0.526831983,0.057184337,0.160729189,808,400.457056,86.31766588,1985149
153,2/28/1998,0,0,0,0.02315569,2.062228596,0,0,0.860875922,0.000187253,0,278.2241806,2.34313746,0.528184633,0.050855665,0.156988474,834,339.358353,86.28125647,1976256
154,3/9/1998,0,0,0,0.024998918,6.833449214,0,0,0.876335085,0.000114021,0,284.9261432,2.343149348,0.52817866,0.039790352,0.14972677,619,575.952937,86.05936588,1961380
155,4/1/1998,0,0,0,0.038032383,10.21809909,1.43E-07,6.11E-06,0.854086093,0.000269503,0,288.6956439,2.344383021,0.531859933,0.052725683,0.14775672,1000,549.373465,85.35736588,1926636
156,4/10/1998,0,0,0,0.0297606,15.31921511,0,0.00E+00,0.879998853,0.00E+00,0,292.7145169,2.344962597,0.533820042,0.045634814,0.144828196,757,684.680663,85.06306588,1918281
157,5/3/1998,0,0,0,0.031637967,20.26178763,0.00E+00,0,0.879998495,2.78E-17,0,300.4680619,2.345295738,0.536450289,0.0494205,0.141789112,2000,580.833598,84.44116588,1889589
158,5/12/1998,0,0,0,0.032212555,18.92223339,0.00E+00,0,0.879998495,2.78E-17,0,297.4668174,2.345295738,0.537180792,0.043054944,0.140590165,2720,1030.37886,84.39526588,1900959
159,5/19/1998,0,0,0,0.03170623,24.95679823,0.00E+00,0,0.879998495,2.78E-17,0,302.507019,2.345295738,0.537389507,0.042374568,0.139693756,2700,840.86659,85.86406588,1917238
160,5/28/1998,0,0,1.79,0.028292835,24.28180267,0.00E+00,0,0.879998495,2.78E-17,0,303.2929362,2.345295738,0.537389507,0.038384563,0.138001784,2320,1375.30013,85.40416588,1930474
161,6/13/1998,0,0,0,0.013615251,24.29165774,4.96E-07,0.00E+00,0.879999151,0,0,301.1130311,2.34531102,0.537413089,0.025314983,0.134763454,1130,1464.08238,85.07116588,1912378
162,6/29/1998,0,0,0,0.026495114,31.40972499,0.00E+00,0.00E+00,0.879999151,0,0,310.9285732,2.34592026,0.540112874,0.035792695,0.135376627,0,1298.26026,84.81016588,1851713
163,7/15/1998,0,0,6.437,0.03589332,29.09624414,0,0,0.880000667,6.94E-18,0,308.3997207,2.346818945,0.543178747,0.050089677,0.172430758,508,1082.87742,84.07666588,1793480
164,8/16/1998,0,0,0,0.031313688,26.89805351,0.00E+00,0,0.880003691,0,0,304.1938691,2.349394328,0.556616912,0.052750578,0.168121014,45,863.82966,82.55386588,1703407
165,9/24/1998,0,0,0,0.032656297,25.68428005,0.00E+00,0,0.880000314,0,0,303.6022045,2.348149238,0.550892919,0.048677638,0.149780045,0.1,986.559075,80.73856588,1615169
166,10/3/1998,0,0,0,0.08030723,19.01265572,0,1.08E-19,0.879999269,0,0,298.1955581,2.346915431,0.545181759,0.125706831,0.152194824,572,821.595021,80.30566588,1591303
167,10/10/1998,0,0,0,0.029163256,21.91240805,0,1.08E-19,0.879999269,0,0,301.5824712,2.346104752,0.540725233,0.040948689,0.15310383,138,579.820565,80.05754824,1583514
168,11/4/1998,0,0,0,0.24452548,10.15416671,0.00E+00,0,0.879999051,2.78E-17,0.00E+00,288.3738106,2.344011857,0.531499911,0.263768259,0.297090405,1300,362.909178,81.24062118,1611829
169,11/27/1998,0,0,3.57,0.040046275,12.97085952,0.00E+00,0,0.879999051,2.78E-17,0.00E+00,289.5252945,2.343161541,0.526503496,0.053356123,0.209978499,620,211.390755,81.68452235,1654155
170,12/6/1998,0,0,17.347,0.07592671,5.712538894,0,0,0.879998734,0.00E+00,0.00E+00,285.3944977,2.343131402,0.525351456,0.07822761,0.197561811,719,300.871274,82.28878235,1664722
171,12/13/1998,0,0,0,0.06557275,4.477633268,0,0,0.786538122,0.002136597,0.00E+00,281.1842304,2.343131402,0.524315746,0.080032126,0.190328046,527,142.07125,82.57771412,1672527
172,12/22/1998,0,3.71,0,0.027746692,3.334287295,0,0,0.856305345,2.22E-05,0.00E+00,283.1097746,2.342673372,0.521948409,0.039809554,0.180608672,685,285.693793,82.68841412,1685076
173,12/29/1998,0,0,0,0.036928713,10.47695618,0,0,0.879998734,0.00E+00,0.00E+00,290.3576959,2.342139003,0.51987699,0.049867866,0.174033488,582,251.000133,82.87395882,1694538
174,1/14/1999,0,0,0,0.04292147,6.978894206,0,0.00E+00,0.879998793,0,0,286.0565161,2.34118502,0.514930719,0.04829544,0.163908095,786,253.443437,82.88686235,1717419
175,1/23/1999,0,0,1.467,0.054223165,6.596748972,0,0.00E+00,0.876175329,0.000379595,0,283.0983266,2.341643028,0.518265826,0.063160583,0.160682888,895,254.495467,83.06697529,1727347
176,2/15/1999,0,0,0,0.03822273,11.33206552,8.67E-19,0,0.879998316,2.78E-17,0,293.5808485,2.34313746,0.528184633,0.045242042,0.151662399,794,367.879522,83.23404,1756101
177,3/3/1999,0,0,0,0.029468238,13.68831089,8.67E-19,0,0.879998519,0,0,295.0459636,2.343149348,0.52817866,0.036502974,0.149985634,451,509.941042,82.73476588,1731845
178,3/19/1999,0,0,0,0.09322266,3.431991314,4.98E-07,4.84E-05,0.836209656,0.004915611,0,276.1623549,2.343535929,0.529100527,0.100338718,0.148052,126,178.922218,82.29376588,1689801
179,3/28/1999,0,6.824,0,0.14716539,13.07268698,8.67E-19,0,0.880003989,0,0,293.2964837,2.34415446,0.530995477,0.139085422,0.146931371,73,479.817785,81.78436588,1674091
180,4/20/1999,0,0,0,0.023774117,19.87629494,0,2.17E-19,0.880003035,0.00E+00,0,299.80212,2.345376579,0.535315914,0.033705816,0.144949613,7,884.812285,80.75274,1620344
181,5/6/1999,0,0,0,0.012645528,15.70974467,0.00E+00,0,0.879999866,0,0,294.0304473,2.345295738,0.536659004,0.026648899,0.142563558,1850,902.809901,80.07234,1581123
182,6/16/1999,0,3.254,0,0.029375508,23.36967403,9.38E-08,0,0.879999926,0,0,298.4160566,2.345485089,0.537672683,0.043723396,0.141287145,1560,885.801473,81.14604,1622783
183,8/19/1999,0,0,0,0.037993968,26.77987005,0,1.36E-20,0.880001929,0,0,302.9242481,2.349394328,0.556616912,0.058228684,0.229876409,1790,759.463898,81.89503412,1660054
184,9/11/1999,0,0,0,0.038723513,24.41829654,2.06E-07,0,0.880001426,1.73E-18,0,300.0749542,2.349404709,0.556630862,0.05446997,0.188758623,310,578.124878,81.32902235,1641794
185,9/20/1999,0,0,0,0.07330868,21.29551924,1.21E-05,0,0.880001426,1.73E-18,0,295.5064591,2.348735125,0.553459894,0.104556573,0.196765303,536,349.409205,81.16894588,1635642
186,9/27/1999,0,0,0,0.03360437,24.06006883,0,0,0.880006611,1.73E-18,0,303.9768271,2.347814446,0.548879605,0.056949158,0.18887416,599,647.303816,81.21337412,1638715
187,10/13/1999,0,0,0,0.034686312,20.33548892,0.00E+00,0.00E+00,0.880006611,0,0,298.8541836,2.345618345,0.538695037,0.048036031,0.173044346,112,536.098865,80.79864,1613346
188,10/29/1999,0,0,0,0.03749937,16.55885528,0.00E+00,0.00E+00,0.880001129,0,0,294.2321018,2.344321258,0.533248171,0.051124179,0.160974949,163,572.845565,81.02383412,1621563
189,11/14/1999,0,0,0,0.031261176,15.44490074,0,2.17E-19,0.879998793,2.78E-17,0,292.6153181,2.343238843,0.528482274,0.038036162,0.154393034,678,438.337083,81.27406588,1643643
190,11/23/1999,0,0,0,0.0259071,5.199293446,0,2.17E-19,0.878196931,2.78E-17,0,283.0120724,2.343161541,0.527097129,0.034838317,0.150101499,833,370.086453,81.60405882,1655086
191,11/30/1999,0,0,0,0.02746509,11.6407846,0,2.17E-19,0.879998793,2.78E-17,0.00E+00,287.9506929,2.343161541,0.526206679,0.033169442,0.147087671,780,212.525105,81.66871412,1666281
192,2/2/2000,0,0,0,0.0436846,4.280214922,0,2.40E-06,0.849899344,0.000557206,0,280.1828998,2.342306924,0.522535209,0.069422163,0.151660526,824,291.860233,82.96513412,1735708
193,2/18/2000,0,0,0,0.014373943,8.059654669,0,0,0.879998078,0.00E+00,0,287.4639185,2.343153634,0.52819914,0.025787273,0.147430625,825,932.286169,82.27216588,1694538
194,4/22/2000,3.719,0,0,0.022536218,21.07896485,0.00E+00,0,0.879998614,0,0,301.1092466,2.345376579,0.535470659,0.041101081,0.174857946,179,935.278595,80.05567765,1577543
195,7/4/2000,0,0,27.579,0.079180256,25.52740805,0,0.00E+00,0.879999674,0,0,304.4718612,2.346277829,0.541100536,0.078847145,0.202623431,210,522.379763,77.65902706,1424168
196,7/20/2000,3.421,0,0,0.034371287,28.96226254,2.45E-07,0.00E+00,0.879999674,0,0,306.2884698,2.347179689,0.545311648,0.052384972,0.186100327,114,824.030528,77.19941294,1385976
197,8/12/2000,4.144,8.287,0,0.04248581,26.56963606,8.68E-07,0,0.880000623,0,0,302.006047,2.349128068,0.555405439,0.065381752,0.166104767,37,778.742482,76.10245412,1310791
198,9/6/2000,0,0,18.351,0.03177789,28.60046575,0,0,0.88000083,0.00E+00,0,305.9078915,2.349404709,0.556630862,0.043186621,0.153557782,46,739.322591,74.57712,1250149
199,9/13/2000,0,0,0,0.03219819,26.70101579,0,0,0.879996778,0.00E+00,0,305.0202598,2.349404709,0.556630862,0.043495414,0.151253816,79,702.460299,74.05447765,1230744
200,10/15/2000,0,0,0,0.102129206,15.94480454,0,0,0.87999934,0,0,292.9368332,2.345375141,0.537407596,0.122837071,0.143132168,654,446.129964,73.20168353,1184947
201,11/16/2000,0,5.576,0,0.16803402,4.66928091,0,2.39E-07,0.632824913,0.001535994,0.00E+00,282.7568122,2.343161541,0.528086518,0.218472041,0.194513392,416,229.643301,74.61898235,1232724
202,11/25/2000,0,0,0,0.04125359,6.065352945,0,0,0.851451063,7.27E-05,0.00E+00,282.9307529,2.343161541,0.526849782,0.085944962,0.187401162,440,172.937236,74.87641412,1239671
203,12/11/2000,6.378,3.264,0,0.012095764,8.541772493,0,0.00E+00,0.879998853,0.00E+00,0.00E+00,286.4719359,2.343131402,0.524710302,0.025524133,0.166099416,417,204.07904,75.3267,1260190
204,12/18/2000,0,0,6.378,0.018514782,5.378587162,0,0.00E+00,0.866133302,2.51E-05,0,287.078927,2.343055064,0.523181397,0.029203728,0.16005666,549,248.80312,75.39966706,1267508
205,1/3/2001,0,1.535,0,0.0303872,2.558247852,0,1.59E-07,0.710508171,0.000614108,0.00E+00,278.6706707,2.341795698,0.518363918,0.050328963,0.140516972,535,118.356557,75.85808824,1270830
206,1/19/2001,0,0,0,0.11083352,0,0,2.17E-19,0.774281953,0.002462117,0.00E+00,275.4311037,2.34133769,0.516353044,0.10623561,0.135017111,469,74.7582515,82.97251059,1290404
207,2/4/2001,2.069,0,0,0.11018667,6.365325619,5.71E-07,2.75E-05,0.624540506,0.002030783,0,285.3155376,2.342444748,0.523375212,0.162220929,0.135073299,570,150.322027,75.83649176,1300524
208,3/24/2001,0,0,0,0.020372808,15.8478225,0,0,0.879998495,0.00E+00,0,296.8761982,2.343845195,0.530176039,0.022766294,0.12014191,236,501.316746,74.22594,1213854
209,4/9/2001,0,0,1.621,0.013725124,14.57859952,1.02E-07,9.56E-07,0.870725097,0,0,293.7180791,2.344962597,0.533613715,0.0347819,0.120894945,1080,422.526142,73.14504,1186541
210,6/5/2001,0,0,0,0.02566056,24.30989462,0,0.00E+00,0.880003035,0,0,303.7052466,2.34531102,0.537413089,0.034716785,0.119781361,1200,1002.82481,71.71984588,1107756
211,6/21/2001,6.946,1.828,0,0.031267844,27.70547774,0,0.00E+00,0.880003035,0,0,306.0504896,2.345572123,0.538555306,0.0420878,0.120034234,111,668.441134,71.08066235,1079577
212,7/14/2001,0,0,0,0.030839212,30.37403968,0,0.00E+00,0.880004048,0.00E+00,0,308.3109865,2.346638573,0.542959988,0.041145052,0.119594546,8,655.075901,69.11336471,1002934
213,8/24/2001,0,0,0,0.035452843,27.37132144,8.67E-19,0,0.880000791,0,0,304.0615002,2.349394328,0.556616912,0.055779112,0.130861144,100,543.614948,66.98486824,894166
214,8/31/2001,0,0,0,0.042455122,24.56919394,9.42E-06,0,0.87999795,0,0,300.5597881,2.349394328,0.556616912,0.061892112,0.126474319,54,401.682136,66.51506824,877363
215,9/16/2001,0,0,0,0.19715598,21.05761469,1.10E-05,0,0.880000403,0,0,295.8474137,2.349237313,0.556026868,0.224538101,0.142413042,50,252.515759,66.11172706,859679
216,9/25/2001,0,0,0,0.034739755,21.50549333,0,0,0.880000403,0,0,298.7569105,2.347981842,0.550288925,0.051935415,0.144208059,89,361.174674,65.81684824,856324
217,10/11/2001,0,4.281,0,0.0477117,14.68917875,3.88E-06,0,0.879998853,0,0,288.3175153,2.345942616,0.540081512,0.084383906,0.146968891,80.4,323.544738,65.17946824,840799
218,11/3/2001,0,0,0,0.033157714,16.74590921,0,0,0.879998922,0,0,293.8714114,2.344011857,0.531796728,0.043182189,0.138187588,455,272.285125,65.74635882,851125
219,12/5/2001,0,0,0,0.04326173,7.452529518,1.39E-07,2.10E-05,0.678799819,0.000438689,0,286.7888508,2.343131402,0.525450095,0.056185006,0.126798518,370,223.613487,66.91832824,879641
220,12/14/2001,0,0,0,0.05403986,2.13861763,0,4.34E-19,0.844422675,0.001434176,0.00E+00,279.0875869,2.343131402,0.524315746,0.061269569,0.122733882,488,101.413992,66.53085882,888411
221,12/21/2001,0,0,0,0.040452242,7.67851743,0,4.34E-19,0.775116961,0.000433065,0.00E+00,284.4531746,2.34274971,0.522293646,0.055346651,0.120282846,396,124.49469,67.44951882,893397
222,1/6/2002,0,0,0,0.057571925,4.298856253,0,0,0.80895707,0.001092244,0.00E+00,281.3577679,2.341643028,0.51743205,0.099496212,0.111950888,469,148.317709,67.43574706,902657
223,1/22/2002,0,0,1.625,0.0335128,7.115085769,0,0,0.879998793,0,0,283.7647133,2.341566694,0.517628232,0.049759477,0.10653687,551,195.571544,67.48875176,912379
224,1/31/2002,0,1.992,0,0.1236325,0.870975572,4.84E-07,8.94E-07,0.839127279,0.001104448,0.00E+00,276.7348736,2.342177371,0.521600933,0.102072175,0.10559398,344,115.308493,67.82361176,915115
225,2/7/2002,0,0,0,0.18884581,3.886449306,4.34E-19,4.77E-06,0.679590913,0.001317268,0,282.2371254,2.342675652,0.524677764,0.146404025,0.107559493,465,149.85159,67.44211059,914724
226,6/24/2002,0,1.282,0,0.016882703,30.15289,4.34E-19,0.00E+00,0.880005836,0,0,308.54591,2.345833226,0.539126414,0.030874564,0.072803766,11.4,661.533559,57.29178,563401
227,7/26/2002,0.93,0,3.169,0.04976575,27.17528796,1.02E-05,0.00E+00,0.880000202,0,0,302.4250822,2.347810991,0.548046136,0.069301902,0.093787156,124,464.216848,52.26507529,449004
228,8/11/2002,1.774,5.961,7.922,0.037955746,26.42761147,2.77E-07,2.71E-20,0.880001096,4.34E-19,0,302.0126631,2.349128068,0.55501997,0.059075636,0.117422193,133,313.729464,50.29447765,414589
229,8/18/2002,0,0,1.774,0.026884526,28.96983184,4.34E-19,2.71E-20,0.880003273,4.34E-19,0,305.9625609,2.349394328,0.556616912,0.042229708,0.114644538,11,256.846571,48.2238,391154
230,8/27/2002,0,0,4.033,0.018546224,28.73923557,4.34E-19,2.71E-20,0.880001096,4.34E-19,0,308.4689619,2.349394328,0.556616912,0.030964779,0.114233034,25.1,514.771444,46.20776824,358684
231,10/5/2002,0,0,0,0.035393298,18.97375882,4.34E-19,0,0.879999962,3.47E-18,0,294.41855,2.346834363,0.543844801,0.055770263,0.188350379,48.9,171.690582,42.30356824,292815
232,10/14/2002,0,5.692,0,0.081026606,12.30732791,2.69E-06,0,0.879999962,3.47E-18,0,284.7940337,2.345618345,0.538100834,0.088223887,0.177991727,57.5,163.000257,41.4252,281772
233,10/30/2002,0,0,0,0.17345561,10.48014198,4.34E-19,0,0.879999962,3.47E-18,0,288.167003,2.344240191,0.53295107,0.192809837,0.189612611,268,203.488749,42.0903,288723
234,11/22/2002,0,0,0,0.012956366,12.38592271,0,0,0.880004108,1.39E-17,0.00E+00,288.6586547,2.343161541,0.527245538,0.02954501,0.165457479,298,119.364364,43.45160824,308465
235,1/2/2003,0,0,0,0.026588842,2.588715666,0,5.47E-07,0.644130399,0.001278676,0.00E+00,281.9376902,2.342024702,0.518658192,0.058796638,0.150193241,320,91.1217161,47.42724706,352440
236,1/9/2003,0,0,0,0.003358588,9.184793647,0,3.48E-07,0.850657553,0,0.00E+00,286.9822866,2.341414024,0.516500182,0.02734203,0.140688878,307,42.9750417,47.35315412,359980
237,2/3/2003,0,1.905,0,0.005759135,7.727116102,4.34E-19,0,0.879998734,0,0,290.2814051,2.342290811,0.522924329,0.01975573,0.123893376,345,223.259309,48.51404824,387320
238,2/10/2003,0,0,0,0.0464231,4.622997026,4.34E-19,1.24E-05,0.819339714,0.00214643,0,282.9104147,2.342906556,0.526080511,0.053361112,0.122698275,393,51.7078787,48.3264,395010
239,3/30/2003,0,0,0,0.02371259,8.488436687,0,0.00E+00,0.879998674,2.78E-17,0,283.9749962,2.344231777,0.531507625,0.02947402,0.115682843,95,181.395714,48.83486824,396370
240,5/1/2003,0,0,0,0.005195335,18.5616072,0,4.34E-19,0.879998891,0,0,296.8590511,2.345295738,0.536241574,0.013132731,0.114562228,118,391.304074,46.2537,368470
241,6/11/2003,0,0,0,0.030874595,24.75470347,0,2.17E-19,0.880001297,0.00E+00,0,303.8238491,2.34531102,0.537413089,0.046765043,0.117634768,32.9,443.772164,43.50506824,317150
242,8/5/2003,0,8.353,0,0.03497535,30.09414812,7.11E-07,0,0.880000442,0,0,306.6687929,2.348506793,0.552321689,0.046194656,0.118840499,32,212.246689,34.5708,206260
243,9/6/2003,13.902,0,0,0.04347197,24.63159188,3.46E-06,0,0.879999601,0,0,299.4641429,2.349404709,0.556630862,0.053366017,0.12311259,50.3,110.189279,30.57947647,152010
244,10/1/2003,0,0,0,0.019730762,23.71140173,0,0,0.879999256,0,0,304.3920622,2.34732077,0.5464692,0.044213604,0.123667832,33.5,122.14241,29.11285412,154460
245,10/17/2003,0,0,0,0.009604409,19.5037383,0,0,0.880004287,0,0,300.4622655,2.345213005,0.53686291,0.038357726,0.147927877,90,124.161927,30.38306824,159820
246,10/24/2003,0,0,0,0.0089349,19.86585082,0,0,0.879999256,0,0,299.6872622,2.344726598,0.53473368,0.030769209,0.141051259,37,117.348357,29.93756824,161850
247,11/9/2003,0,0,0,0.023809493,14.00835899,4.34E-19,0,0.880004287,0,0,290.9995972,2.34362535,0.529966358,0.03685363,0.132860698,140,84.154583,30.6171,165410
248,11/18/2003,0,0,0,0.17374027,8.670598047,4.34E-19,0,0.880004287,0,0.00E+00,287.1129366,2.343161541,0.527789702,0.186629732,0.15258527,322,101.006811,32.2542,170810
249,12/11/2003,0,0,0,0.03233695,6.437985012,0.00E+00,0,0.879998853,0,0.00E+00,282.9129101,2.343131402,0.524710302,0.053707584,0.145045488,390,61.2336399,34.91144824,189260
250,12/27/2003,0,0,0,0.023716994,4.600284018,0.00E+00,0,0.879932931,0,0.00E+00,282.6215657,2.34229168,0.520468824,0.034442919,0.136023467,385,64.8970026,36.35112353,205950
251,1/12/2004,0,0,0,0.014828831,9.802301736,0,0,0.88000387,0.00E+00,0,285.7387643,2.34133769,0.515568313,0.026708622,0.128217027,279,41.4387768,38.00692235,223340
252,2/6/2004,0,0,0,0.025622219,3.204172626,2.93E-07,6.68E-08,0.84548814,0.000153141,0,279.1090851,2.342537845,0.524239401,0.039951935,0.118761995,321,75.1058905,38.60347412,250340
253,3/16/2004,0,0,0,0.096130885,12.69717397,0.00E+00,0,0.879998615,0,0,294.1995939,2.343226664,0.528434734,0.139766593,0.125465192,304,152.690243,37.4517,244700
254,5/3/2004,0,0,0,0.026102707,18.57661387,0,0,0.879998794,0,0,294.8111826,2.345295738,0.536450289,0.048475259,0.178571335,105,210.28666,39.5298,278140
255,5/28/2004,0,4.848,0,0.044871032,21.08870596,0,0,0.879998794,0,0,296.6117218,2.345295738,0.537389507,0.07198641,0.157487304,759,312.809502,42.41137412,320410
256,6/13/2004,0,0,0,0.031558007,26.34903379,0,2.17E-19,0.879998697,0.00E+00,0,304.880618,2.34531102,0.537413089,0.040290038,0.149432182,64,368.332595,40.7493,297330
257,7/31/2004,0,0,0,0.038876653,27.4421899,0,0,0.880003273,0,0,306.332207,2.348171735,0.550179037,0.051528386,0.145803822,276,164.76955,31.32475059,144260
258,9/1/2004,0,0,0,0.042884633,23.12140894,0,0,0.880004704,0,0,300.0644007,2.349404709,0.556630862,0.059175064,0.192405648,34.9,111.956254,26.07075529,110600
259,9/8/2004,0,0,0,0.031306043,22.0296567,0,0,0.879996557,0,0,298.920501,2.349404709,0.556630862,0.050914479,0.183687349,31.2,142.808481,23.69606824,106360
260,10/10/2004,0,0,0,0.14812319,16.12347464,0,0,0.87999954,0,0,293.2922916,2.346104752,0.540725233,0.141262143,0.19004385,72,84.5846843,24.87830824,99390
261,11/4/2004,0,0,0,0.042702973,9.524840905,0,1.89E-07,0.86435577,0.000206684,0,287.024582,2.344011857,0.531499911,0.048980082,0.169847272,183,52.899269,25.97666824,110710
262,11/11/2004,0,0,0,0.028083265,10.54258585,0,0,0.880004048,0.00E+00,0,288.9337648,2.343470747,0.529422194,0.038158411,0.164532986,232,41.4759784,26.30696824,115530
263,11/20/2004,0,0,9.941,0.25648493,9.401707623,0,4.26E-06,0.754279932,0.000392699,0.00E+00,286.2355955,2.343161541,0.527542354,0.258896025,0.206503637,511,53.4790653,28.22194235,125220
264,11/27/2004,0,0,0,0.19983423,7.055454011,0,1.42E-07,0.854053484,3.44E-05,0.00E+00,285.523864,2.343161541,0.526503496,0.19979391,0.210863792,511,73.0360901,29.39096118,135640
265,12/13/2004,0,0,10.091,0.10667818,8.571168985,4.34E-19,4.46E-07,0.790284781,0.000178754,0.00E+00,291.1328851,2.343131402,0.524315746,0.110537559,0.196891933,628,30.1610392,30.43552588,160500
266,1/23/2005,0,0,0,0.038744047,8.330911549,0,0,0.879998795,2.78E-17,0,286.1520796,2.341643028,0.518265826,0.045704262,0.17632518,447,51.7409837,35.35784824,229810
267,2/8/2005,0,0,0,0.123570316,6.966852664,1.58E-07,4.20E-06,0.857832198,0.000369286,0,283.2494219,2.342675652,0.525228843,0.136602401,0.164481319,592,96.3934115,37.25024118,254990
268,3/12/2005,0,0,2.585,0.048546374,13.18330249,0,4.34E-19,0.879998853,0,0,291.3362509,2.343149348,0.52817866,0.058972645,0.188279933,562,173.948957,41.3442,321030
269,4/20/2005,0,0,0,0.03211756,18.00711854,0,0,0.879998793,0,0,297.6231336,2.345376579,0.535315914,0.04317231,0.162054206,1920,339.381131,39.9951,286010
270,5/31/2005,0,2.919,0.795,0.028850108,22.94732556,0,2.17E-19,0.879998872,0,0,302.6529294,2.345295738,0.537389507,0.046548798,0.150081854,4530,275.863533,50.43821647,452920
271,6/16/2005,0,0,0,0.007184222,29.12134895,0,0,0.879999449,0,0,307.3339821,2.345485089,0.537672683,0.014064438,0.13755271,4400,550.426791,55.18751647,538290
272,7/2/2005,0,0,0,0.024585128,30.30763395,8.67E-19,0,0.880003273,0,0,310.1767614,2.346097458,0.540717707,0.030767819,0.128688647,1510,577.502123,56.47721647,557620
273,8/10/2005,0,0,0,0.029730588,27.1761047,6.29E-06,0,0.879999477,0,0,301.2924779,2.349039314,0.554524368,0.057237776,0.131940489,0,285.895636,49.86674824,427070
274,8/26/2005,0,0,0,0.0429734,27.35788953,0,0,0.880001912,0,0,303.9329143,2.349394328,0.556616912,0.061518577,0.150087865,50.6,177.74049,48.56621647,406000
275,9/20/2005,0,0,0,0.030997872,26.39423182,0,0,0.880001659,0,0,303.280746,2.348735125,0.553459894,0.045508159,0.152834448,0,283.509735,45.69791647,362800
276,9/27/2005,0,0,0,0.029476121,26.75495262,0,0,0.880001659,0,0,304.3017149,2.347814446,0.548879605,0.044200751,0.149228966,0,296.12877,45.08051647,348810
277,10/22/2005,0,0,0,0.09695745,16.13113212,0,2.17E-19,0.87999942,0,0,294.2507623,2.344888734,0.535278367,0.095711415,0.177315029,246,149.888083,44.21384824,343290
278,11/14/2005,0,0,3.411,0.036713347,13.05278923,0,0,0.879999164,0.00E+00,0,289.8862442,2.343238843,0.528482274,0.038153371,0.15712247,348,160.43633,45.73034824,363670
279,1/17/2006,0,0,0,0.007518053,3.912942767,4.34E-19,0.00E+00,0.879768067,1.80E-05,0,279.5977039,2.34118502,0.515519268,0.012183771,0.085435203,533,219.353366,51.54809294,453170
280,2/11/2006,0,0,0,0.018840566,4.520357061,4.34E-19,0,0.879998793,0,0,286.8714575,2.342906556,0.526481297,0.020237294,0.078086262,439,169.101791,52.6491,480900
281,3/6/2006,0,0,1.642,0.003868312,15.68218805,0.00E+00,0.00E+00,0.879998033,2.78E-17,0,294.3494188,2.343149348,0.52817866,0.015853022,0.072879669,327,340.374028,52.94786824,502770
282,4/7/2006,0,0,0.792,0.004792586,13.72185311,0,2.17E-19,0.879998491,0,0,292.2487881,2.344714207,0.53320106,0.013369318,0.071031947,36.2,317.819104,50.27756824,436880
283,4/23/2006,0,1.332,0,0.003886074,21.99114184,0,2.17E-19,0.880003929,0,0,300.0606916,2.345376579,0.535625405,0.009544452,0.06404536,46.5,418.283404,47.72314235,401630
284,6/19/2006,0,0,0,0.003358766,29.98184872,0.00E+00,2.17E-19,0.880004287,0.00E+00,0,308.7326355,2.345572123,0.538191873,0.01828007,0.062365216,27.4,403.827673,37.37674235,253200
285,7/21/2006,0,0,0,0.03131251,30.4017736,0,0.00E+00,0.880000641,0,0,306.9596367,2.347269875,0.545694476,0.043007695,0.079968337,68.4,217.789631,32.83061647,202560
286,10/16/2006,0,0,43.929,0.2702999,12.80402597,2.60E-06,2.17E-19,0.880000981,0,0.00E+00,288.003487,2.345213005,0.537160011,0.310682171,0.27426107,1330,131.944378,45.39720353,377060
287,11/1/2006,0,0,0,0.049010232,11.71632854,8.67E-19,0,0.880004346,2.78E-17,0,290.2999749,2.344243761,0.532340892,0.080250378,0.224143294,1020,162.582875,46.60421647,398650
288,11/17/2006,0,0,0,0.03855276,11.09973608,8.67E-19,0,0.87999916,2.78E-17,0,289.739562,2.343161541,0.52793811,0.048303622,0.191909387,1160,110.147517,49.17387176,434480
289,12/3/2006,0,0,0,0.038724586,1.71750769,4.34E-19,0,0.880003989,0.00E+00,0.00E+00,281.1162368,2.343131402,0.525746012,0.041642561,0.174151786,1010,50.4375783,51.97564235,466050
290,12/12/2006,0,0,0,0.01375699,5.640656851,4.34E-19,0,0.879998495,0.00E+00,0.00E+00,282.5599662,2.343131402,0.524463704,0.025472941,0.168332872,956,88.1673078,52.70060471,480400
291,1/4/2007,0,0,3.561,0.09712651,5.445126207,0,0,0.852828086,0.000357553,0.00E+00,279.6345375,2.341795698,0.518069644,0.156136328,0.171362317,817,231.368209,54.88582235,520110
292,1/29/2007,9.676,0,0,0.060582608,4.028740622,0,4.71E-06,0.79477845,0.004588597,0.00E+00,282.2802541,2.342024702,0.520767157,0.114716213,0.158680441,655,184.071303,56.41596706,555420
293,2/5/2007,0,0,9.676,0.061363652,6.162826861,3.26E-07,8.98E-06,0.757197533,0.001521463,0,287.4827359,2.342521716,0.523725899,0.117768978,0.160155161,637,105.050472,56.47387412,565060
294,2/21/2007,0,0,0,0.02908647,7.49572077,0,6.10E-07,0.860496988,4.53E-05,0,286.9326766,2.34313746,0.528184633,0.049383675,0.149025327,609,148.891056,57.29624824,589100
295,3/2/2007,0,0,0,0.003468245,5.57902831,0.00E+00,0.00E+00,0.879998257,0,0,283.940769,2.343149348,0.52817866,0.019667833,0.140704352,453,133.768503,57.90993529,600460
296,3/9/2007,0.481,0,0,0.004320696,13.72605922,6.42E-07,0.00E+00,0.88000375,0,0,293.3577012,2.343149348,0.52817866,0.016192332,0.127855578,371,176.923069,58.15058471,608760
297,3/25/2007,0,4.254,0.679,0.058306426,12.89059941,3.21E-07,5.00E-06,0.875229921,0.000106378,0,289.3433838,2.343845195,0.530329684,0.082743476,0.123706949,969,160.3264,58.20578824,610490
298,4/3/2007,0,0,0,0.022092782,18.11864629,0,0.00E+00,0.8799989,0,0,298.6203144,2.344465817,0.532272588,0.033697051,0.125604027,952,361.316643,57.87878824,605890
299,4/19/2007,0,0,0,0.03026919,18.88288716,0,0.00E+00,0.880004168,0,0,297.3733263,2.345376579,0.535264332,0.045708484,0.12781508,637,424.819531,57.31717059,576180
300,5/21/2007,0,4.447,3.93,0.05559732,21.56207781,0.00E+00,0,0.879998512,0,0,296.1891082,2.345295738,0.537389507,0.119141229,0.136687681,2080,466.426672,56.93643882,577860
301,7/8/2007,2.519,2.519,0,0.049170442,26.2999248,1.79E-05,0,0.880001762,0,0,298.4016396,2.346458201,0.541866192,0.056053336,0.126123466,46.6,368.111519,55.8057,534520
302,8/9/2007,0,0,18.171,0.0326391,27.58318068,0.00E+00,0,0.880000456,0,0,305.2313852,2.348861807,0.554138899,0.043534551,0.136638022,311,291.437536,51.31023176,439770
303,8/16/2007,0,0,0,0.03129124,28.10078739,8.96E-07,0,0.880000456,0,0,305.0176412,2.349394328,0.556616912,0.041685664,0.136183173,47.3,388.143205,49.94287765,427310
304,10/3/2007,0,0,0,0.04331485,21.29128035,8.67E-19,0.00E+00,0.880005717,6.94E-18,0,298.8021737,2.346915431,0.545181759,0.067463279,0.133678523,20.1,206.793244,45.72671647,353300
305,1/16/2008,0,0,0,0.001715526,3.946769972,0,0,0.848543164,3.40E-05,0,284.0199074,2.34118502,0.515126902,0.019084978,0.119618936,667,0,50.64213529,433280
306,2/1/2008,0,0,0,0.028609961,3.266955416,4.34E-19,2.17E-19,0.877706215,4.10E-05,0,279.1781513,2.342152977,0.5220841,0.044923993,0.107572806,728,106.586817,51.24172235,456120
307,3/4/2008,0,0,0,0.011883333,6.783673215,8.67E-19,1.69E-06,0.84955397,0.000373006,0,282.0096905,2.343149348,0.52817866,0.02289038,0.085697952,1140,184.428708,52.58654824,483450
308,3/11/2008,0,0,0,0.008247703,10.73047792,8.67E-19,9.95E-07,0.862018683,2.03E-05,0,289.118928,2.343149348,0.52817866,0.021421443,0.086363388,835,200.325676,52.70647412,487790
309,3/27/2008,0,3.354,0,0.004112646,17.27865164,8.67E-19,4.34E-19,0.879998853,0,0,298.0616528,2.343999828,0.530841832,0.01118589,0.084295418,1380,253.954928,53.05837412,492930
310,4/5/2008,0,0,0,0.00806126,15.3021252,0,0,0.880004287,0,0,291.8283304,2.344631411,0.532788406,0.013169745,0.077402076,2220,292.175055,53.42014235,495250
311,4/12/2008,0,0,0,0.008427486,10.31480502,0,0,0.879998793,0,0,290.2078438,2.34512819,0.534232696,0.011863808,0.074040527,2520,272.926511,54.05621647,504590
312,4/21/2008,0,3.192,0,0.005217999,17.64062093,0,0,0.879998793,0,0,297.430538,2.345376579,0.535419078,0.008727328,0.067902509,2180,670.002011,54.78724235,518780
313,4/28/2008,0,0,0,0.012848854,14.56117864,0,0,0.879998793,0,0,291.4314437,2.345376579,0.536089641,0.014230121,0.063796313,2640,428.814934,55.47461647,530230
314,6/8/2008,0,0,0,0.001162857,26.85561167,8.67E-19,0,0.879998892,0,0,307.2695015,2.34531102,0.537413089,0.010867976,0.036789241,3370,719.813898,58.89758471,627590
315,8/2/2008,0,10.393,7.892,0.040682152,27.67071703,0,0,0.880001084,0.00E+00,0,306.6700499,2.348240533,0.551000082,0.056803412,0.230789124,210,444.790997,58.79642824,625550
316,8/18/2008,0,0,0,0.09970475,23.10480072,3.95E-06,0,0.880001084,0.00E+00,0,298.4690482,2.349394328,0.556616912,0.126521512,0.207161807,312,467.319535,58.44715412,598460
317,9/28/2008,0,0,0,0.032784954,21.70249079,0,2.17E-19,0.879999102,0,0,297.5873443,2.34764705,0.548325944,0.047160614,0.173551964,5.6,248.35161,58.14336353,589950
318,10/21/2008,0,0,0,0.010811284,18.34070937,2.82E-07,5.42E-20,0.879998825,0,0,296.8828578,2.344969802,0.535624986,0.011818954,0.154931328,301,286.285762,57.99336,577440
319,11/6/2008,0,0,0,0.011683583,9.701116241,0,0,0.880003691,0,0,288.8876765,2.343857254,0.530955747,0.013752849,0.138326151,318,255.528894,58.42405059,585430
320,11/15/2008,0,2.982,0,0.013201758,9.704514779,0,0,0.879998247,0,0,292.732974,2.343161541,0.528185457,0.014133871,0.131413622,342,157.668949,58.74996353,592500
321,12/1/2008,0,0,0,0.048392907,10.68065427,4.34E-19,0,0.87999916,1.39E-17,0.00E+00,289.0993557,2.343131402,0.525992609,0.059978711,0.12870581,519,261.000188,59.19850235,608040
322,12/24/2008,0,0,4.519,0.022390753,6.108899892,4.34E-19,0,0.875025995,0.000194977,0.00E+00,280.9239946,2.342520695,0.521356575,0.028477915,0.121796401,869,216.283958,60.34749529,638430
323,1/9/2009,0,0,0,0.000865564,10.17361327,0,0,0.880004287,0,0,289.7976631,2.341414024,0.516500182,0.007136774,0.102449628,579,124.491034,60.48057882,648290
324,2/19/2009,0,0,0,0.013526514,6.59185576,0,0,0.85816758,1.91E-05,0,286.1022234,2.34313746,0.528184633,0.016462416,0.065212606,551,142.268006,60.75229059,702160
325,2/26/2009,0,0,0,0.009569973,16.24162689,0,0,0.879998674,0,0,296.5273627,2.34313746,0.528184633,0.010485728,0.061465203,522,279.444211,60.33556941,686360
326,3/23/2009,0,2,0,0.02420646,16.36770613,0.00E+00,0,0.879998316,0,0,296.2245993,2.343767878,0.52997118,0.041663172,0.070226356,266,373.764148,59.76334941,648900
327,5/10/2009,0,0,0,0.004374608,25.81894177,0,0,0.879998912,0,0,305.497584,2.345295738,0.536972077,0.012322278,0.061351558,2700,539.762708,58.46137412,596748
328,5/26/2009,1.86,3.122,0,0.08364745,19.13026352,4.03E-07,0,0.879998912,0,0,295.8455531,2.345295738,0.537389507,0.118401818,0.07065112,3140,337.772781,59.58062118,647981
329,7/13/2009,0,0,3.629,0.029701978,30.3898738,0,0,0.880000925,4.34E-19,0,307.0579129,2.346638573,0.542795918,0.043605266,0.071521,153,597.203006,59.16518118,609545
330,7/29/2009,0,9.167,13.09,0.05726683,28.39806222,2.24E-07,0,0.880000925,4.34E-19,0,302.5601201,2.347991363,0.549304,0.068333441,0.069319889,101,446.092451,57.07990235,555481
331,8/30/2009,0,0,5.381,0.02887246,27.10250213,0,0,0.880000717,0,0,304.0388832,2.349394328,0.556616912,0.045777646,0.073433688,146,374.456995,51.79915412,466763
332,9/15/2009,0,0,0,0.055198513,22.53282447,1.33E-05,0,0.880002044,0,0,297.0034562,2.349404709,0.556630862,0.072245986,0.081621077,435,258.04906,50.9061,449351
333,9/22/2009,0,0,0,0.21023513,14.89531671,4.34E-19,0,0.880002044,0,0,299.4365785,2.348484031,0.552201573,0.226436651,0.202288458,464,215.862334,51.73659176,452059
334,10/1/2009,0,0,0,0.04049653,20.55090123,0,0,0.879999614,0,0,299.3320712,2.34732077,0.5464692,0.05601331,0.182941252,76.5,272.006498,50.6955,448369
335,10/17/2009,0,0,3.088,0.015114591,19.69795377,0,0,0.879999614,0,0,298.3029727,2.345213005,0.53686291,0.02304231,0.162987604,110,200.774397,51.3021,449597
336,11/9/2009,0,0,0,0.02905801,14.82900116,0.00E+00,0,0.879999154,0.00E+00,0,293.3915971,2.34362535,0.529966358,0.02812625,0.149659013,582,124.268826,52.18376471,463498
337,11/25/2009,0,0,0,0.013722986,7.129941877,0.00E+00,0,0.879999154,0.00E+00,0.00E+00,282.944912,2.343161541,0.526849782,0.018774122,0.138616534,488,89.4518778,52.83787412,478178
338,1/12/2010,0,0,0,0.007439405,5.129035565,0,0,0.818334506,0.000274697,0,284.6298438,2.34133769,0.515568313,0.030253768,0.07176176,511,47.63899,55.69717059,534295
339,2/13/2010,0,0,0,0.12211887,5.288508771,0.00E+00,2.88E-06,0.753279945,0.001191734,0,285.1310832,2.342983524,0.527332965,0.172290775,0.122617639,402,106.724345,57.25239882,567931
340,3/17/2010,0,0,3.193,0.030502975,10.98249965,3.11E-07,1.79E-05,0.834573234,0.000548825,0,289.2382721,2.343381297,0.528588379,0.056643075,0.096348299,404,179.902287,57.35117294,563858
341,4/18/2010,5.154,7.176,0,0.10887299,15.15846749,1.57E-05,0.00E+00,0.880004227,0,0,290.6718925,2.345376579,0.53521275,0.136738276,0.0771331,1740,184.80154,55.06083529,505338
342,5/4/2010,0,0,0,0.024468139,18.48779802,0.00E+00,6.35E-07,0.875258721,0.00E+00,0,296.1353283,2.345295738,0.536554646,0.054525231,0.079892044,1360,379.06722,56.87410235,549797
343,5/29/2010,1.655,3.929,0,0.037719935,26.24590529,2.63E-07,0,0.879999109,0.00E+00,0,303.5841828,2.345295738,0.537389507,0.038351567,0.06980032,2120,472.16792,58.52715529,596459
344,6/14/2010,0,0,8.364,0.013929352,23.7841517,8.67E-19,0,0.879998436,0,0,302.2822027,2.34531102,0.537413089,0.021014973,0.067245721,647,502.1646,58.00566353,588395
345,9/2/2010,0,3.172,0,0.031590536,27.7025145,0,0,0.880001834,0,0,305.6619214,2.349404709,0.556630862,0.054951844,0.138776274,21.9,309.350993,46.39094824,381559
346,9/18/2010,0,0,0,0.03534384,24.71107094,0,0,0.880001834,0,0,302.7432831,2.348986219,0.55481888,0.049227684,0.12783605,14.6,238.511335,45.75844235,365000
347,9/25/2010,0,0,0,0.18707159,21.31944552,0,0,0.880001834,0,0,299.6725045,2.347981842,0.550288925,0.207347242,0.149864492,259,225.360879,45.43154824,363066
348,10/11/2010,0,7.202,4.601,0.03685698,18.39359078,1.73E-18,0,0.880002452,0,0,295.9424295,2.345942616,0.540081512,0.054142735,0.138645325,18.5,227.052849,46.10924824,368560
349,11/5/2010,0,0,0,0.004188523,13.46135139,0,0,0.879999015,0,0,289.8689999,2.343857254,0.531104156,0.018767885,0.12827138,158,171.724462,46.58084824,374095
350,11/12/2010,0,0,0,0.006931081,9.085328468,0,0,0.879999015,0,0,287.1209605,2.343393445,0.529075908,0.024242665,0.122692155,358,140.663086,46.79954824,377047
351,11/21/2010,0,3.058,0,0.003059581,12.95474845,0,0,0.880004287,0,0,290.3996277,2.343161541,0.527344476,0.013208553,0.11435526,542,252.804133,47.1834,384883
352,11/28/2010,0,0,0,0.010524794,6.556522778,0,0,0.874162699,2.45E-05,0.00E+00,283.3769737,2.343161541,0.526404557,0.025056484,0.10895704,582,190.112371,47.3571,391476
353,12/7/2010,0,2.023,0,0.005565718,10.32991172,0,0.00E+00,0.879998817,0.00E+00,0,287.9389665,2.343131402,0.525154177,0.015041804,0.10094889,476,132.929302,47.65579765,399737
354,12/14/2010,0,0,0,0.004448593,11.04314223,0,0.00E+00,0.880004108,0.00E+00,0.00E+00,288.8193496,2.343131402,0.524315746,0.015725501,0.097084656,634,134.472802,48.35137412,406842
355,1/15/2011,0,0,3.712,0.009303182,7.522577917,4.34E-19,7.94E-07,0.836408065,5.70E-05,0,286.2242938,2.341032351,0.514636445,0.014934916,0.068107458,644,144.356335,51.02977412,454280
356,1/24/2011,0,0,0,0.008275405,5.46490114,4.34E-19,0,0.879998853,0,0,282.9992248,2.341643028,0.518609146,0.009844079,0.052856527,588,176.095636,51.4755,466260
357,2/9/2011,0,0,0,0.028131142,0.130011065,5.82E-07,6.00E-05,0.815757905,0.002178009,0,286.6972812,2.34275262,0.525629628,0.046699605,0.039380238,434,0,52.9002,482020
358,2/16/2011,0,0,0,0.016831085,13.34565064,0,3.08E-06,0.773249347,4.43E-05,0,293.2684628,2.34313746,0.528184633,0.031818062,0.036278199,546,340.542028,52.62097412,489890
359,3/4/2011,0,0,0,0.007012561,13.45654023,4.34E-19,1.81E-06,0.865528618,2.09E-05,0,296.4848113,2.343149348,0.52817866,0.012321058,0.027035606,474,246.117941,53.253,504280
360,3/20/2011,0,0,0,0.008953303,16.4320088,4.34E-19,0,0.880003929,2.78E-17,0,296.337994,2.343535929,0.529305387,0.011173356,0.02692731,80.7,365.926672,52.8588,496280
361,4/5/2011,0,0,0,0.00762485,15.4054842,0,0,0.879998835,2.78E-17,0,290.5167582,2.344631411,0.532788406,0.008094697,0.024406027,67.7,394.92595,50.77327412,450580
362,5/7/2011,0,0,0,0.008603424,23.20812814,4.34E-19,2.17E-19,0.880003929,0,0,303.1678021,2.345295738,0.536763362,0.009633611,0.02070758,81.2,408.484524,46.14791647,376060
363,7/19/2011,0,0,9.839,0.026097462,30.42700274,8.67E-19,0,0.880000586,0,0,306.3404223,2.347179689,0.544928819,0.032714349,0.018220429,32.2,306.21092,35.87534824,232990
364,8/4/2011,3.374,0,0,0.04070498,28.478711,3.76E-07,0.00E+00,0.879999115,0,0,304.0635838,2.348506793,0.551826086,0.058194669,0.02242435,208,179.661718,35.90794235,224440
365,8/20/2011,0,7.026,10.664,0.044334993,26.68919252,1.45E-05,0.00E+00,0.879999115,0,0,301.1002916,2.349394328,0.556616912,0.08521215,0.026719552,74.3,232.869905,34.35071647,214320
366,8/27/2011,0,5.862,0,0.029640004,30.74292409,0.00E+00,0.00E+00,0.879999115,0,0,305.5795405,2.349394328,0.556616912,0.04871619,0.030550698,193,204.11795,34.66394824,206530
367,9/28/2011,0,0,2.841,0.028355286,24.18295429,0,0,0.880003154,0,0,301.7426682,2.34764705,0.548325944,0.046647612,0.031089544,30,152.006164,31.92344824,200960
368,10/14/2011,0,0,0,0.03194703,20.34000335,0,0,0.880001815,0,0,299.570174,2.345618345,0.538100834,0.042515811,0.030773698,61,154.414922,32.70554824,205010
369,10/30/2011,0,0,0,0.030033618,14.1429045,0,0,0.879996661,0,0,292.723596,2.344240191,0.53295107,0.040230327,0.026358807,29.9,102.26425,33.32201647,207060
370,11/8/2011,0,0,0,0.024900213,6.491074898,4.34E-19,2.17E-19,0.879507736,0,0,281.2498175,2.343779953,0.530263175,0.037099277,0.025683518,386,99.7246245,34.01501647,212300
371,11/15/2011,0,0,0,0.010839373,11.14972411,4.34E-19,2.17E-19,0.879998594,0,0,289.5559395,2.343161541,0.528185457,0.018561579,0.025394701,564,111.298738,34.51744235,218740
372,5/30/2013,0,0,0,0.006337687,24.71545009,0,0,0.880004525,0,0,302.8253893,2.345295738,0.537389507,0.012391867,0.031408304,26.4,282.181911,30.44767412,197045
373,6/6/2013,0,0,0,0.012754813,26.1752771,0,2.17E-19,0.879999848,0,0,307.1848628,2.34531102,0.537413089,0.019950424,0.030510596,24.7,253.038608,28.38664235,172470
374,10/3/2013,0,0,0,0.040801436,20.05407871,0.00E+00,1.08E-19,0.879999612,0,0,299.4199786,2.346915431,0.545181759,0.054982049,0.218343115,107,139.525265,27.84464824,165625
375,10/19/2013,0,0,0,0.036611438,13.79132758,0.00E+00,1.08E-19,0.880004823,0,0,293.8856607,2.345131937,0.536268706,0.04545516,0.185598953,872,106.316914,28.75814824,171050
376,11/4/2013,0,0,0,0.03298135,13.9406931,0,0,0.879995635,0.00E+00,0,292.5926342,2.344011857,0.531499911,0.041971355,0.16967,446,136.53005,30.73724824,196533
377,12/6/2013,0,6.346,0,0.055491626,3.507443393,4.34E-19,4.88E-06,0.726181293,8.76E-05,0.00E+00,279.4244056,2.343131402,0.525351456,0.112823924,0.162631963,589,60.5588185,35.82806824,245387
378,12/15/2013,0,0,0,0.062500134,3.426629889,4.34E-19,0,0.823608199,0.00047148,0.00E+00,280.0234843,2.343131402,0.524118468,0.100154233,0.154367727,407,26.2142422,36.87206824,258969
379,12/22/2013,0,5.016,0,0.07921614,4.173729828,4.34E-19,2.48E-07,0.804419466,0.000529893,0.00E+00,278.6174832,2.342673372,0.521948409,0.099416294,0.156126739,500,21.4455028,37.74416824,267422
380,12/31/2013,0,0,0,0.026211917,6.074076395,4.34E-19,0,0.860562853,0.000216964,0.00E+00,282.9506155,2.342062664,0.519285155,0.034571176,0.157864935,459,54.9140089,38.31296824,279060
381,1/7/2014,0,0,0,0.018091053,2.930836452,0,0,0.852357613,1.65E-05,0.00E+00,279.257885,2.341643028,0.517137776,0.020308179,0.148709494,489,72.4305372,39.00776824,287310
382,3/5/2014,0,4.954,0,0.0686487,11.57087707,0,0,0.880004227,0,0,288.6413396,2.343149348,0.52817866,0.069431135,0.092466261,502,134.598053,42.32404235,346727
383,3/12/2014,0,0,0,0.024508774,10.02303376,0,0,0.880004227,0,0,294.8326371,2.343149348,0.52817866,0.038444224,0.094329095,381,160.604074,42.53464235,353472
384,3/28/2014,0,1.47,0,0.024913326,13.73369909,0,0,0.87999884,0,0,291.8137141,2.34415446,0.530995477,0.037881031,0.093181926,59.5,237.285519,43.62094235,361244
385,4/13/2014,0.845,2.337,0,0.029273376,18.5312203,4.34E-19,0,0.879998595,0,0,296.2550286,2.345210986,0.534490605,0.039099543,0.09360819,57.7,306.74119,43.74854824,363066
386,4/22/2014,0,0,0,0.035721064,21.97220394,4.34E-19,0,0.880003989,0,0,298.9224583,2.345376579,0.535470659,0.051307155,0.092691223,73.2,350.922648,43.38854824,363818
387,6/9/2014,0,0,0,0.02577734,26.84787446,0,2.17E-19,0.880004883,0,0,307.4862939,2.34531102,0.537413089,0.034328747,0.090947019,203,382.760015,40.62641647,321101
388,6/25/2014,0,0,0,0.024618655,29.11380319,0,2.17E-19,0.879999389,0,0,307.6726607,2.345833226,0.539386009,0.039011435,0.094309206,23.3,367.390815,35.30291647,249214
389,7/27/2014,0,0,0,0.028314456,32.66416441,0.00E+00,0,0.880000345,0,0,309.0136767,2.347810991,0.548374274,0.040340884,0.096820675,23,244.976973,26.12111647,142742
390,8/19/2014,0,4.024,0,0.032225028,26.45130999,4.52E-07,0,0.879998967,0.00E+00,0,303.4358012,2.349394328,0.556616912,0.050962336,0.117284993,248,138.497553,25.98161647,146158
391,8/28/2014,0,0,0,0.059454136,24.12443942,7.54E-07,0,0.880001329,0.00E+00,0,298.4376503,2.349394328,0.556616912,0.081957666,0.115847089,252,133.852115,26.00501647,152217
392,10/6/2014,0,0,0,0.026746243,20.43839023,0,0.00E+00,0.879996812,0,0,301.3667471,2.346591159,0.543151564,0.030081133,0.153817996,28.8,127.155651,27.94361647,174237
393,10/15/2014,0,0,0,0.03510675,17.60927826,0,0.00E+00,0.880001354,0,0,295.1023666,2.345375141,0.537407596,0.047837685,0.146889812,154,120.149405,28.23521647,177041
394,10/22/2014,0,0,0,0.15200414,15.62576417,2.50E-07,0.00E+00,0.880005896,0,0,291.2553908,2.344888734,0.535278367,0.122419744,0.143868498,52.8,72.7368628,28.75001647,180282
395,11/7/2014,0,5.876,0,0.021846801,12.00539002,0,2.17E-19,0.879999445,0.00E+00,0,289.7551856,2.343779953,0.530559992,0.031071807,0.141213704,338,69.983405,29.37281647,187205
396,12/25/2014,7.045,0,1.424,0.014739856,6.149846693,0,0,0.856481272,2.08E-05,0.00E+00,280.6737618,2.342520695,0.521060658,0.026966574,0.101003833,640,86.745051,35.63614235,249214
397,2/4/2015,0,0,0,0.20157132,9.335051432,8.32E-07,2.24E-05,0.791872173,0.001371202,0.00E+00,290.0799746,2.342444748,0.523375212,0.215999747,0.123822025,539,96.1895842,38.71684235,296358
398,3/15/2015,0,0,0,0.006982684,12.46774216,0,0.00E+00,0.879998797,0,0,289.8609243,2.343149348,0.52817866,0.021128142,0.093014284,230,182.768775,42.25991647,343797
399,4/16/2015,0,0,0,0.028550133,15.94811213,0,0,0.88000387,2.78E-17,0,295.6357632,2.345376579,0.534954841,0.035886098,0.095858685,158,234.83649,44.64604235,388562
400,4/25/2015,0,0,0,0.016335309,15.68679038,5.15E-07,0,0.88000387,2.78E-17,0,290.5188338,2.345376579,0.53578015,0.030690968,0.090360899,75.9,222.890372,44.65864235,391476
401,6/12/2015,0,0,3.627,0.031439856,25.93747739,0,0,0.880000122,0.00E+00,0,305.3628262,2.34531102,0.537413089,0.041446177,0.098964094,394,349.809075,44.33351647,374095
402,6/28/2015,0,9.058,0,0.035421252,28.28221434,0,0,0.880000122,0.00E+00,0,302.3740603,2.34592026,0.539905198,0.045365943,0.097576321,340,300.50916,42.68134235,348407
403,8/15/2015,0,0,0,0.030306898,31.89383098,0,0,0.880000835,1.08E-19,0,308.5469696,2.349394328,0.556616912,0.043638982,0.107446196,78.4,255.555178,34.54424824,242973
404,8/22/2015,9.842,0,0,0.030517898,28.9266114,2.41E-07,0,0.880002352,1.08E-19,0,304.5186666,2.349394328,0.556616912,0.042490088,0.105721094,36.5,211.446398,32.74064824,216209
405,8/31/2015,0,0,0,0.033751637,27.1385044,2.41E-07,0,0.880002352,1.08E-19,0,303.9256714,2.349394328,0.556616912,0.044867502,0.104027549,50.7,229.462427,29.58161647,185445
406,9/23/2015,0,15.511,0,0.11178799,20.92689321,1.08E-05,0,0.879996838,4.34E-19,0,294.5194353,2.348400333,0.551597579,0.16413276,0.105556996,14.8,105.284183,27.80234824,167691
407,10/25/2015,0,0,0,0.18274683,14.18976743,0,0,0.879996379,0,0.00E+00,291.5443552,2.344564462,0.534486095,0.195640857,0.143522727,579,75.2516217,30.01451647,173081
408,11/3/2015,0,0,0,0.05507139,14.5307374,8.67E-19,0,0.880003572,0,0,293.4225613,2.344011857,0.531796728,0.11718022,0.140804639,292,131.14584,29.68534235,185515
409,11/19/2015,0,0,0,0.011326447,8.967169452,8.67E-19,1.03E-06,0.866749486,0.000117754,0,288.8464238,2.343161541,0.527641293,0.035935695,0.135105439,1160,79.3905,32.58356824,204937
410,12/21/2015,0,2.283,0,0.019257143,5.93808738,0.00E+00,3.28E-07,0.794843228,0.000266802,0.00E+00,284.1417891,2.34274971,0.522293646,0.027637332,0.126861218,1830,79.4343083,39.03724235,298009
411,1/13/2016,0,0,0,0.07056616,1.61190703,4.34E-19,0,0.763211895,0.00295234,0.00E+00,281.4145505,2.34118502,0.515274039,0.12630235,0.130187764,570,12.1219117,42.12446824,340255
412,1/22/2016,0,0,0,0.014758647,4.285699771,4.34E-19,0,0.853459188,0.000653229,0,283.8302714,2.341566694,0.517628232,0.03965874,0.123596901,433,104.602983,42.48626824,350724
413,1/29/2016,0,0,0,0.003062189,8.755149816,4.34E-19,9.61E-07,0.848165908,5.76E-05,0,288.0374572,2.342024702,0.520767157,0.026286936,0.11824704,442,155.694146,42.91376824,359320
414,2/14/2016,0,0,0,0.029714346,11.73956182,0,0,0.880004108,0,0,294.4881463,2.343153634,0.52774803,0.038498202,0.103258528,664,147.085441,43.70194235,377157
415,3/10/2016,0,0,0,0.035140082,12.4108988,0.00E+00,0,0.879998495,2.78E-17,0,290.467337,2.343149348,0.52817866,0.040691274,0.10273777,603,163.99642,45.49564235,417068
416,3/17/2016,0,0,0,0.021976009,15.46993237,0.00E+00,0,0.879998495,2.78E-17,0,295.604271,2.343381297,0.528588379,0.031223497,0.102557561,599,229.109843,46.35154235,427459
417,3/26/2016,0,0,0,0.02054651,14.90403231,0.00E+00,0,0.879998495,2.78E-17,0,294.1240737,2.343999828,0.530636973,0.025440225,0.100507694,517,309.621638,46.2519,421535
418,4/2/2016,0,0,0,0.04103595,9.244888175,8.67E-19,0,0.880004287,0,0,284.3687527,2.344383021,0.532169424,0.046447499,0.100106089,320,206.734996,46.12837412,401792
419,4/18/2016,0,0,0,0.042370155,13.80233674,8.67E-19,0,0.879998793,0,0,289.0346689,2.345376579,0.53521275,0.060918384,0.095698872,188,253.600375,43.48214824,354426
420,6/14/2016,0,0,3.185,0.029949427,26.48034308,0,0.00E+00,0.88000381,0,0,304.6878169,2.34531102,0.537413089,0.041371148,0.109121383,2570,441.349813,41.21501647,329432
421,7/16/2016,0,0,0,0.0294348,31.23432886,0,0,0.879999386,0,0,308.1745583,2.346909131,0.543561575,0.039898675,0.107636805,18.5,292.784648,34.62364235,239724
422,7/23/2016,0,2.13,0,0.029599994,32.23365212,3.22E-07,0,0.879999386,0,0,309.1843069,2.347540433,0.546678892,0.03941093,0.108843604,18.2,293.45232,32.40761647,215501
423,8/1/2016,0,0,0,0.03101042,29.66095881,0,0,0.880001696,4.34E-19,0,305.7916732,2.348240533,0.550559546,0.041178912,0.110999383,17.2,193.051991,30.28297412,186359
424,8/17/2016,0,4.789,0,0.03004472,26.91656515,0,0,0.880001696,4.34E-19,0,302.1068454,2.349394328,0.556616912,0.04862837,0.114465218,212,161.880437,27.29021647,148983
425,8/24/2016,0,0,0,0.12784766,21.71892145,0,0,0.879996277,4.34E-19,0,300.6295479,2.349394328,0.556616912,0.139611955,0.124201062,106,94.0454667,26.65121647,143918
426,9/9/2016,0,0,0,0.11847652,22.66278018,8.67E-19,0,0.879999688,0,0,299.1501459,2.349404709,0.556630862,0.15125652,0.130099772,23.8,135.842233,25.15364824,126545
427,9/18/2016,0,0,0,0.031556815,24.34701823,8.67E-19,0,0.879999688,0,0,302.6621366,2.348986219,0.55481888,0.049424869,0.125641641,21.7,164.773,24.46061647,129354
428,10/4/2016,0,0,0,0.014447331,19.24261544,0,0,0.880001158,0,0,297.6281552,2.346834363,0.544439005,0.032572443,0.120012826,21.3,118.092823,24.70564235,132492
429,10/11/2016,0,0,0,0.091926016,20.17093295,0,0,0.880001158,0,0,296.6665826,2.345942616,0.540081512,0.106329487,0.119681221,68.5,153.835733,24.90004235,134284
430,10/20/2016,0,0,0,0.03166482,17.61513906,0,0,0.880001158,0,0,298.8676522,2.344969802,0.535971604,0.043391728,0.115391762,22.4,88.4764183,24.47164235,127069
431,10/27/2016,0,0,0,0.032859236,19.97989754,0,0,0.880006135,0,0,297.5319209,2.344483394,0.533891892,0.042786453,0.114033255,20.6,105.870502,23.86594235,128004
432,12/23/2016,0,20.481,8.241,0.32180166,8.064071431,2.64E-06,1.55E-06,0.86407504,3.46E-05,0.00E+00,279.5235558,2.342673372,0.521652492,0.328202651,0.181616975,505,183.57878,30.78424235,191180
433,1/8/2017,0,0,4.64,0.06453444,5.188846868,0,3.21E-07,0.859896565,0.000338137,0.00E+00,279.1885613,2.341566694,0.516794456,0.084039243,0.192214605,479,90.9391,31.9995,213152
434,1/31/2017,0,0,0,0.056363285,6.791063963,1.94E-07,1.50E-06,0.854726188,0.000110769,0,288.7934918,2.342177371,0.521600933,0.08040066,0.222983348,523,82.0502667,35.67034235,250968
435,2/16/2017,0,0,0,0.22411004,3.987147748,2.89E-07,1.59E-05,0.815305939,0.003581643,0,282.7316449,2.34313746,0.528184633,0.227159544,0.186186566,808,92.16312,37.06534235,271951
436,3/4/2017,2.226,2.226,0,0.029480323,12.6103829,0,0,0.879998853,0,0,286.8385437,2.343149348,0.52817866,0.042691015,0.173065869,426,171.101175,38.53864235,301130
437,3/13/2017,0,0,0,0.022805393,15.63448788,0,0,0.880004346,0,0,297.2918576,2.343149348,0.52817866,0.022344092,0.160681476,466,203.69559,38.21936824,296358
438,4/5/2017,0,0,1.761,0.028118461,11.44505407,0,2.06E-07,0.86340825,0,0,289.8612072,2.344631411,0.532788406,0.048713382,0.147276613,2630,166.687547,41.68864235,328206
439,4/21/2017,0,0,0.756,0.028814659,20.93181643,0,4.34E-19,0.880004048,0,0,301.2548615,2.345376579,0.535419078,0.041497297,0.141429895,2450,377.7578,43.48031647,367263
440,4/30/2017,0,1.122,0,0.10669098,10.2669313,3.11E-06,3.51E-06,0.871555078,0.000205594,0,281.1038242,2.345376579,0.536192805,0.128422344,0.140107298,3300,270.667787,45.46481647,395649
441,6/1/2017,0,8.009,2.171,0.042934015,21.35744449,0,2.17E-19,0.880003631,0,0,293.0448722,2.34531102,0.537413089,0.06612743,0.135563191,2860,299.26351,50.40424235,502176
442,6/17/2017,0,0,0,0.021828264,30.14020509,0,2.17E-19,0.87999819,0,0,310.0175789,2.345485089,0.53782844,0.026414332,0.134756631,1690,575.390515,51.45634235,514359
443,7/3/2017,0,0,2.764,0.037541553,28.65129806,2.65E-07,0,0.880004108,2.71E-20,0,302.346001,2.346187644,0.540827087,0.050308713,0.134098903,91.2,536.145108,47.77961647,457011
444,8/27/2017,0,0,5.755,0.09555183,24.7809876,8.13E-06,0,0.879999042,0,0,301.7161259,2.349394328,0.556616912,0.103676907,0.150870428,23.5,202.83312,38.99474824,293842
445,9/5/2017,0,0,0,0.03108646,27.33072252,0.00E+00,0,0.879997963,0,0,304.7308587,2.349404709,0.556630862,0.043836051,0.144383086,22.2,288.602137,37.78961647,274373
446,9/12/2017,0,0,0,0.031837627,26.94502323,0.00E+00,0,0.880002227,0,0,303.4665545,2.349404709,0.556630862,0.042309577,0.140287763,22.7,232.367777,36.73774235,261675
447,10/7/2017,0,0,43.888,0.2516831,16.17382519,0,2.17E-19,0.88000228,0,0,301.0752924,2.346429024,0.54255736,0.294919619,0.304585382,2630,199.997525,36.74474824,250968
448,10/14/2017,2.251,0,0,0.07632093,21.46051609,0,2.17E-19,0.87999759,0,0,298.6447761,2.345618345,0.538100834,0.108819608,0.254959359,1570,231.374325,38.38454824,280852
449,10/30/2017,0,0,0,0.043129444,16.13526617,0,2.17E-19,0.87999759,0,0,294.8576748,2.344240191,0.53295107,0.054472119,0.200752641,180,192.723872,39.64634824,297426
450,12/26/2017,0,0,0,0.036399543,9.895083192,4.34E-19,1.13E-07,0.861331782,3.63E-05,0.00E+00,290.4403946,2.342444356,0.520764741,0.038535824,0.147658308,599,130.208884,46.5003,418945
451,1/2/2018,0,0,0,0.039313927,5.84039625,0,0,0.880004168,2.78E-17,0,281.4164612,2.342024702,0.518658192,0.04156436,0.144847419,581,111.003853,47.1816,426983
452,1/11/2018,0,0,0.879,0.027191103,9.206806662,0,5.81E-08,0.878515434,2.78E-17,0,283.8812735,2.34133769,0.515862588,0.022970443,0.137739069,632,126.82866,47.96974235,437411
453,1/18/2018,0,0,0,0.019760206,4.310434057,0,0,0.879998674,2.78E-17,0.00E+00,278.8838196,2.34133769,0.516009725,0.022686232,0.131145208,491,114.1308,48.5397,445919
454,1/27/2018,0,4.708,0,0.001034841,6.518302084,0,0,0.879998674,2.78E-17,0,288.6387161,2.341795698,0.519884334,0.004310938,0.114156566,484,129.9207,48.6945,454283
455,2/3/2018,0,0,0,0.005956516,11.92013026,0,0,0.87999895,0,0,289.774166,2.342290811,0.522924329,0.007951909,0.110186794,393,225.797542,49.0599,460871
456,3/7/2018,0,0,0,0.02011694,9.925376313,4.34E-19,2.17E-19,0.880003393,0,0,287.4635684,2.343149348,0.52817866,0.032068031,0.126074741,231,194.136063,50.8014,479457
457,5/19/2018,0,0,0,0.004843995,22.24834383,0,0,0.880004287,0,0,301.3331908,2.345295738,0.537389507,0.010821299,0.095660384,24.7,375.65675,44.60374235,363174
458,6/4/2018,8.193,5.886,0,0.017897949,25.69692233,6.99E-07,2.17E-19,0.879998325,0,0,304.4657203,2.34531102,0.537413089,0.027222979,0.086098537,19.1,414.267642,41.91994235,324340
459,6/20/2018,0,0,9.41,0.038346514,27.65938999,0,2.17E-19,0.879998325,0,0,307.7659968,2.345572123,0.538399549,0.05320405,0.09521248,22.2,327.743418,37.28584235,262037
460,6/27/2018,0,0,0,0.02419819,31.42920528,0,2.17E-19,0.879998325,0,0,309.6886763,2.34592026,0.539697522,0.032736827,0.097316523,23.9,344.784417,35.24531647,237267
461,7/22/2018,0,0,5.145,0.014427379,31.42424266,8.67E-19,0,0.880000202,0,0,309.1459688,2.347450247,0.546186684,0.028230778,0.110154615,0.01,73.9950167,29.00111647,150691
462,7/29/2018,0,0,0,0.038987428,27.73212657,1.70E-06,0,0.880000202,0,0,303.151687,2.347991363,0.549304,0.061431826,0.105301322,394,285.251213,27.41441647,132909
463,8/7/2018,1.68,0,0,0.030867249,29.80310249,5.06E-07,0,0.879999734,4.34E-19,0,307.4426151,2.348773054,0.553147693,0.050709331,0.105500704,20.4,176.88258,24.85574824,118764
464,8/14/2018,0,0,1.68,0.016204983,28.12239677,0,0,0.879999734,4.34E-19,0,306.0827566,2.349394328,0.556286511,0.030202463,0.101164845,22.7,177.89016,24.38594824,109498
465,8/30/2018,0,0,9.923,0.030359358,29.66731559,0,0,0.880004346,4.34E-19,0,306.5058828,2.349394328,0.556616912,0.047189255,0.104363604,38.4,167.950767,22.40771647,87012
466,9/8/2018,0,0,25.45,0.033624366,23.60587142,0,2.71E-20,0.879998114,0,0,300.8540974,2.349404709,0.556630862,0.055986958,0.108852797,52,70.8534283,22.28171647,74247
467,10/26/2018,0,0,0,0.2550397,13.58137559,8.67E-19,0.00E+00,0.880005956,0,0,292.0491812,2.344564462,0.534139477,0.252248499,0.202383697,392,45.63545,20.55127412,67564
468,11/2/2018,0,3.763,0,0.09940805,11.45184272,0,1.70E-07,0.876348234,1.24E-05,0.00E+00,287.9491132,2.344089159,0.532093545,0.111702321,0.194078691,127,60.1266458,20.17754824,72626
469,11/11/2018,0,0,0,0.041835234,10.79178263,0,0,0.879998796,0,0,286.2323709,2.343470747,0.529422194,0.052378645,0.181421246,191,42.3156067,19.86817412,76319
470,12/13/2018,0,0,0,0.02104202,7.177552038,0.00E+00,0,0.880004287,0,0.00E+00,289.1447365,2.343131402,0.524315746,0.032804246,0.147232019,306,14.6018833,21.4443,98158
471,12/20/2018,0,0,0,0.023424268,8.470113616,0.00E+00,5.18E-07,0.869346931,7.10E-05,0,288.3806854,2.342902387,0.522589563,0.049887692,0.142643609,354,36.51669,22.67347412,105007
472,3/19/2019,0,0,9.396,0.051860273,10.86989444,0,1.68E-06,0.851238475,1.87E-05,0,288.0719806,2.343535929,0.529100527,0.065107919,0.077721775,441,122.3187,30.77006824,202454
473,5/22/2019,0,0,0,0.029493347,18.2657575,1.73E-18,0,0.879998794,0,0,293.1121152,2.345295738,0.537389507,0.045133372,0.075308563,3660,558.717705,48.37094824,448860
474,6/7/2019,0,0,0,0.021970585,27.50726912,0,0.00E+00,0.879999926,0,0,304.7950945,2.34531102,0.537413089,0.039071227,0.069350225,2150,531.933792,50.67221647,493405
475,6/23/2019,0,0,0,0.025423944,25.1500663,0,0.00E+00,0.879999926,0,0,303.8289959,2.345746191,0.539022576,0.03218901,0.068796549,3940,498.041513,52.22764235,530084
476,7/9/2019,0,0,0,0.044420436,25.77133798,0,0,0.879996078,0,0,305.7963453,2.346458201,0.541975572,0.077255218,0.070504002,2450,485.477714,53.11934824,570327
477,7/25/2019,0,9.142,0,0.06303781,26.49370831,0,0,0.880001017,0,0,302.5946274,2.347630619,0.547553928,0.088296594,0.072665919,891,463.769338,52.30121647,558684
478,8/26/2019,0,0,0,0.029676974,31.41529758,0,0,0.880000532,0,0,309.1908881,2.349394328,0.556616912,0.043219485,0.075079,103,487.631375,48.91927412,471435
479,9/2/2019,0,0,0,0.03191012,27.92325522,8.67E-19,0,0.880000362,0,0,304.5755525,2.349404709,0.556630862,0.046991067,0.074917055,25.6,468.996179,48.36644824,454036
480,9/11/2019,7.723,0,0,0.028444901,25.81685408,3.58E-07,0,0.880000362,0,0,302.403187,2.349404709,0.556630862,0.040807612,0.073894554,17.2,285.3767,47.77964824,446041
481,10/13/2019,0,0,0,0.020489722,16.80339775,0,0,0.880001286,1.39E-17,0,292.9940286,2.345618345,0.538695037,0.041306983,0.101365232,158,201.013983,48.43934824,426389
482,10/20/2019,0,0,0,0.009957835,17.02946615,0,0,0.879996497,1.39E-17,0,294.379387,2.344969802,0.535971604,0.025043168,0.093828906,214,258.032203,48.89744824,430441
483,10/29/2019,3.084,0,0,0.005906209,13.39195529,0,0,0.880001286,1.39E-17,0,291.7564805,2.344321258,0.533248171,0.017679949,0.079951591,290,379.141875,49.14224824,435000
484,11/5/2019,0,0,3.084,0.006652549,15.15257171,0,0,0.880005717,0,0,295.7068659,2.343857254,0.531104156,0.011713662,0.070725481,549,184.459275,49.34407412,442138
485,11/14/2019,0,0,5.048,0.033935934,11.0117037,0,0,0.880000275,0,0,289.9584078,2.343238843,0.528482274,0.042793325,0.067921972,769,144.58045,49.95427412,455398
486,11/30/2019,0,0,0,0.351314,4.424075619,1.58E-06,0.000148992,0.763312529,0.007774531,0.00E+00,278.6855615,2.343161541,0.526206679,0.380367626,0.201562912,1640,45.9473,52.77214235,500336
487,1/1/2020,0,0,0,0.11525715,3.531747738,8.67E-19,0.00E+00,0.845914265,0.000820293,0.00E+00,279.8334615,2.342024702,0.519001512,0.12021077,0.198319078,496,74.4615375,54.5958,546321
488,2/9/2020,2.756,0,0,0.005399823,11.17259831,1.37E-07,7.20E-06,0.831172621,0.000128417,0,294.2131722,2.342768766,0.525642853,0.025913722,0.132073058,500,171.0737,56.18314235,586714
489,2/18/2020,0,0,2.625,0.024659656,10.38102588,2.73E-07,1.43E-05,0.782209231,0.000274345,0,292.9234545,2.343153634,0.52819914,0.071748141,0.126307075,531,189.873787,56.36516471,598940
490,3/5/2020,0,0,0,0.043221228,9.912265766,0,0.00E+00,0.879998674,0.00E+00,0,289.3039889,2.343149348,0.52817866,0.040942862,0.125389117,381,302.896767,57.04177412,602792
491,3/28/2020,0,0.468,1.57,0.027073495,7.679233208,0,0.00E+00,0.879943739,0.00E+00,0,285.5340668,2.34415446,0.530995477,0.034727017,0.111484919,306,275.41437,55.96244824,556292
492,5/24/2020,0,2.091,0,0.013223991,23.36040115,0.00E+00,0,0.880002856,0,0,302.2261926,2.345295738,0.537389507,0.017389789,0.072492694,21.8,443.234073,49.14581647,427446
493,6/9/2020,0,0,0.582,0.027540542,20.62209052,0.00E+00,2.17E-19,0.880000276,0,0,303.352004,2.34531102,0.537413089,0.037305114,0.071637924,21.2,273.32396,46.64224235,368497
494,6/25/2020,2.258,1.035,0,0.037917264,27.77588802,2.06E-06,2.17E-19,0.880005717,0,0,303.1838498,2.345833226,0.539386009,0.053786477,0.072738533,23.1,348.06765,42.92231647,306749
495,8/3/2020,18.144,10.289,14.959,0.047369145,26.74978326,1.03E-06,0,0.880000595,0,0,302.7402157,2.34841804,0.55138555,0.059249036,0.105083855,43.6,201.731542,32.01341647,168447
496,8/12/2020,0,0,0,0.029209875,30.76223159,0,0,0.880000595,0,0,308.168688,2.349128068,0.555405439,0.041462869,0.103211872,18.5,214.11831,28.59881647,145273
497,8/19/2020,0,8.149,0,0.03019946,29.25532849,5.00E-06,0,0.880000595,0,0,305.7166205,2.349394328,0.556616912,0.044767019,0.101360127,16.5,198.379043,27.22364824,129583
498,9/4/2020,0,0,0,0.028548613,28.94340556,8.67E-19,0,0.879997544,0,0,307.396377,2.349404709,0.556630862,0.044059936,0.099967305,0,173.2675,23.05844824,101582
499,9/20/2020,0.419,0.325,0,0.026578702,22.87788548,8.67E-19,0,0.88000166,0,0,299.4441088,2.348735125,0.553459894,0.03954417,0.111680461,0,96.1632117,22.21871647,82849
500,9/29/2020,0,0,0,0.03249307,17.94308021,8.67E-19,0,0.879997544,0,0,294.1396368,2.347563352,0.54772195,0.041160793,0.109145055,0,100.999967,20.83274824,82589
501,10/6/2020,0,0,0,0.02986189,23.00430715,0,0.00E+00,0.880001152,0.00E+00,0,304.03932,2.346591159,0.543151564,0.038767012,0.108044317,0,101.636267,20.74004824,83327
502,10/15/2020,0,0,0,0.03030119,22.88613638,0,0.00E+00,0.880006373,0.00E+00,0,305.2909155,2.345375141,0.537407596,0.038150078,0.106134568,0,132.954033,21.11534824,84070
503,10/22/2020,0,0,0,0.02857174,20.76023929,0,0.00E+00,0.880001152,0.00E+00,0,300.9078809,2.344888734,0.535278367,0.038426634,0.1051247,0,41.31316,21.95234824,85259
504,10/31/2020,0,0,3.221,0.11003642,13.07924967,3.49E-07,2.99E-05,0.810422657,0.001521577,0.00E+00,289.7924975,2.344240191,0.532703485,0.1390295,0.103554906,0,68.29823,22.23337412,87491
505,12/18/2020,3.397,5.11,5.539,0.030153215,7.034509529,0.00E+00,0,0.871884453,3.64E-05,0.00E+00,282.1394864,2.343055064,0.523181397,0.047940606,0.08336597,270,59.7177758,25.56877412,115577
506,12/25/2020,4.599,0,3.397,0.01408872,3.294559015,0.00E+00,0,0.879998316,0,0.00E+00,278.437487,2.342520695,0.521060658,0.025022707,0.06926316,301,45.6945417,26.01157412,121563
507,2/4/2021,4.146,0,2.795,0.002102658,13.72782723,1.33E-07,2.99E-06,0.856405658,2.97E-05,0,293.2376067,2.342444748,0.523375212,0.016712143,0.039865854,331,82.1767975,28.4013,160068
508,2/11/2021,0,1.988,4.146,0.001016483,10.6267876,4.34E-19,0,0.879998394,0.00E+00,0,290.7589089,2.342906556,0.526481297,0.009806336,0.02840591,337,135.963053,29.3409,165968
509,2/20/2021,0,0,4.024,0.020520195,8.308603576,1.99E-07,1.81E-05,0.822798738,0.001649061,0,288.0371022,2.34313746,0.528184633,0.029825417,0.027103643,395,78.3168283,30.08227412,174599
510,2/27/2021,1.213,0,0,0.000937402,10.09323435,4.34E-19,2.87E-07,0.857292644,0.00E+00,0,289.75102,2.34313746,0.528184633,0.026089852,0.025497515,337,130.536531,30.66187412,181243
511,3/31/2021,0,0,2.714,0.014646411,13.43963295,9.63E-08,1.23E-06,0.85993099,0.00E+00,0,296.4847525,2.344231777,0.531610055,0.028246587,0.026581173,402,165.9672,33.25117412,210447
512,4/25/2021,0,0,0,0.025139064,20.35339525,0,0,0.880004406,0,0,297.9004499,2.345376579,0.53578015,0.038101504,0.028652741,169,286.87995,34.15567412,223005
513,6/12/2021,0,0,2.155,0.027975783,29.54878509,0,0,0.880004525,0,0,310.5106871,2.34531102,0.537413089,0.035749677,0.028593258,125,378.431404,32.87924824,199339
514,8/6/2021,0,0,0,0.030696496,28.92049697,8.67E-19,0,0.880001436,0,0,305.695352,2.348595547,0.552652091,0.05085312,0.101307229,44.9,154.831833,23.95034824,113063
515,8/31/2021,0,0,12.974,0.034419015,26.3562234,5.47E-07,0,0.880001436,0,0,301.6986427,2.349394328,0.556616912,0.053929332,0.118359288,41.1,117.550533,21.41977412,104528
516,9/7/2021,0,7.714,0,0.03923826,26.80932659,0,0,0.880004406,8.67E-19,0,303.9714551,2.349404709,0.556630862,0.045654845,0.116015441,64.1,120.337933,22.82894824,108249
517,9/16/2021,0,0,0,0.034993738,26.70357359,2.96E-07,0,0.879999281,8.67E-19,0,304.7712853,2.349237313,0.556026868,0.043036552,0.109511224,0,206.269443,21.58514824,109596
518,10/2/2021,0,4.623,7.674,0.091422126,16.16437386,0.00E+00,0,0.880002429,1.39E-17,0,292.3664466,2.347158635,0.54582548,0.112960108,0.108780136,0,76.3374792,22.26011647,110691
519,10/9/2021,0,0,0,0.02027765,22.25662298,0.00E+00,0,0.880002429,1.39E-17,0,301.883981,2.34618582,0.541269919,0.027879681,0.098561419,66.3,141.298967,22.86404824,111689
520,10/25/2021,4.505,0,0,0.018374205,19.41723719,0.00E+00,0,0.879996936,1.39E-17,0,297.8555492,2.344564462,0.534486095,0.016658287,0.087533194,105,162.976753,23.29064824,115146
521,11/3/2021,0,2.851,0,0.033575386,15.69193767,0,0,0.880000041,0,0,294.2836428,2.344011857,0.531796728,0.03230132,0.085578457,117,70.0005717,23.16847412,117474
522,11/10/2021,0,4.511,0,0.038304985,14.89156411,0,0,0.880005479,0,0,294.3609707,2.343470747,0.529719011,0.032108067,0.08041584,210,71.2202517,24.40504235,120225
523,11/12/2021,0,0,0,0.034281924,13.31407204,0,0,0.880000041,0,0,290.935183,2.343393445,0.529075908,0.029939342,0.080662148,298,65.18925,24.38996824,121339
524,11/26/2021,0,0,0,0.0680219,8.483204615,0,6.12E-07,0.877487867,5.58E-05,0.00E+00,282.3993088,2.343161541,0.526750843,0.049125044,0.074977359,349,27.74212,25.78477412,132063
525,12/4/2021,0,0,4.15,0.032399565,12.64001679,0,0,0.880004346,2.78E-17,0,292.4648668,2.343131402,0.525598053,0.02738206,0.068418052,411,57.3223467,26.4069,138227
526,12/12/2021,0,2.19,0,0.02926232,6.101018944,0,0,0.880004346,2.78E-17,0.00E+00,280.3567395,2.343131402,0.524463704,0.023884897,0.064227665,626,64.3036333,27.7416,151295
527,12/20/2021,0,0,0,0.031171039,5.505581094,0,0,0.879998853,2.78E-17,0.00E+00,281.7086785,2.342902387,0.522589563,0.023309016,0.058399309,267,46.85212,28.5309,159465
528,12/28/2021,0,0,0,0.023963258,7.005278066,0,0,0.879839551,2.78E-17,0,283.5934832,2.34229168,0.520222226,0.036847438,0.053405011,232,71.873235,28.97527412,165557
529,12/29/2021,0,0,0,0.014150769,7.041639186,0,0,0.880004346,2.78E-17,0,282.5319145,2.342139003,0.51987699,0.025151833,0.053796917,242,44.064405,28.86476824,166448
530,1/5/2022,0,0,0,0.034418344,7.22570283,0,4.82E-08,0.861826015,0.000209466,0.00E+00,290.3216172,2.341795698,0.51777537,0.045471806,0.050061014,385,65.6970533,29.76386824,173471
531,1/13/2022,0,0,0,0.013460726,7.862629938,0,0,0.879998436,2.78E-17,0,288.3720558,2.34118502,0.515274039,0.020300277,0.037412369,365,54.597725,30.29374235,180378
532,1/21/2022,0,2.672,0,0.03921756,3.848967932,0,0,0.871648351,2.78E-17,0,280.6735993,2.341414024,0.517284913,0.048004241,0.034909312,362,55.7092142,30.93386824,187142
533,1/29/2022,0,0,0,0.031006917,4.335066868,0,0,0.866610833,1.95E-05,0,281.046495,2.342024702,0.520767157,0.040450599,0.032272896,326,43.6904417,31.3416,193668
534,2/6/2022,0,0,0,0.067279235,2.906643797,0.00E+00,0,0.85433324,0.000305499,0,279.8397413,2.342521716,0.52422688,0.087504579,0.029741838,321,35.77658,32.55698118,200715
535,2/7/2022,0,0,0,0.055926174,2.50330484,0.00E+00,4.05E-07,0.84283538,0.000281059,0,280.4811994,2.342675652,0.524677764,0.077162401,0.029594026,317,17.9326,31.8933,201483
536,2/14/2022,0,0,0,0.032645375,8.962754187,0.00E+00,0,0.879998793,2.78E-17,0,288.5228446,2.34313746,0.527783848,0.041534698,0.029613734,284,118.664455,32.22626824,207144
537,2/22/2022,0,4.395,0,0.02543126,9.462481214,0.00E+00,2.70E-06,0.814203347,2.44E-05,0,288.2010974,2.34313746,0.528184633,0.033555849,0.029249129,338,139.29335,32.71856824,212826
538,2/23/2022,0,0,0,0.020356938,10.76728006,0.00E+00,2.70E-07,0.86360624,2.78E-17,0,288.5024809,2.34313746,0.528184633,0.028609591,0.029022483,346,242.012073,32.742,213623
539,3/2/2022,0,1.301,0,0.010917455,13.20441638,0,3.24E-07,0.86639218,0.00E+00,0,292.478235,2.343149348,0.52817866,0.018536263,0.026087013,325,123.116782,33.1614,219579
540,3/10/2022,0,0,0,0.028261885,9.92169929,2.17E-07,5.88E-06,0.856827466,0.000134922,0,289.6502644,2.343149348,0.52817866,0.043431964,0.025901567,272,134.820723,33.68876824,225472
541,3/11/2022,0,0,8.802,0.02576141,7.499936369,0,3.56E-06,0.839743703,2.02E-05,0,288.1093149,2.343149348,0.52817866,0.040992116,0.027014245,327,135.043183,33.8589,226050
542,3/18/2022,0,0,0,0.036179066,9.514137119,0,0,0.880004346,0.00E+00,0,288.2551065,2.343381297,0.528844453,0.04199812,0.025127055,201,190.79697,33.89756824,231130
543,4/12/2022,0,0,0,0.016358599,18.50276509,0,0,0.880004227,0,0,297.7376896,2.34512819,0.534232696,0.022521046,0.024273153,36.4,324.946347,34.8849,245059
544,4/28/2022,0,1.436,0,0.019464344,20.56718798,0,0,0.880004227,0,0,301.6248927,2.345376579,0.536089641,0.022391935,0.019794995,865,331.848907,35.28337412,253415
545,5/14/2022,0,0,0,0.026421681,23.23663112,0,0,0.880000345,0,0,301.9984546,2.345295738,0.537337328,0.028800907,0.014319026,474,308.666575,36.33007412,264856
546,6/7/2022,0,0,0,0.025522977,29.62067315,0,0,0.880000281,0,0,308.1419941,2.34531102,0.537413089,0.035500922,0.015321724,0,339.515283,33.66154235,228040
547,6/15/2022,0,0,0,0.024563134,28.40816491,0,0,0.880000281,0,0,308.6435403,2.34531102,0.537413089,0.030897867,0.017303584,0,274.383842,30.77527412,197512
548,7/1/2022,0,0,0,0.033006087,27.44543135,0,0,0.880004764,8.67E-19,0,306.7618878,2.346097458,0.540444259,0.051205746,0.04512981,706,182.03444,26.27054824,151944
549,7/9/2022,5.734,0,3.836,0.037047207,28.43130823,0,0,0.880001109,8.67E-19,0,304.4653803,2.346458201,0.541975572,0.0488535,0.04327219,183,120.592022,25.04294824,136271
550,7/17/2022,0,0,0,0.029753625,31.15190956,0,0,0.879997454,8.67E-19,0,308.8083419,2.346909131,0.544053783,0.042602626,0.041784041,24.2,197.730108,22.41401647,110064
551,7/25/2022,3.17,0,0,0.044652596,27.87444495,0,0,0.879997454,8.67E-19,0,306.8560014,2.347630619,0.547553928,0.042907547,0.040008526,0,148.54644,19.22174824,93945
552,8/9/2022,15.671,11.486,4.301,0.038924098,27.62603947,0,0,0.879997194,0,0,302.5777799,2.348861807,0.554138899,0.044525625,0.040460794,806,100.199855,20.28554824,76358
553,8/10/2022,8.844,15.671,10.499,0.050845727,26.06151203,1.12E-05,0,0.880002439,0,0,297.9029891,2.349039314,0.554524368,0.07771529,0.04042919,695,76.0920533,19.58984824,76031
554,9/2/2022,0,6.152,0,0.028812125,24.11886929,0,0.00E+00,0.880000291,8.67E-19,0,301.2869685,2.349404709,0.556630862,0.036717222,0.101476309,326,106.683068,19.29464824,97042
555,9/3/2022,0,0,0,0.02438584,25.76424175,0,0.00E+00,0.880000291,8.67E-19,0,303.5029416,2.349404709,0.556630862,0.028974937,0.098947065,267,107.175612,19.21094824,97765
556,9/10/2022,8.753,0,0,0.004504234,26.35900645,0,0.00E+00,0.880000291,8.67E-19,0,305.0455569,2.349404709,0.556630862,0.014294211,0.089297338,8.99,103.58733,19.12814824,100989
557,9/27/2022,0,8.655,6.428,0.03230913,22.4956361,9.00E-07,0.00E+00,0.880000291,8.67E-19,0,297.7950418,2.347814446,0.548879605,0.048753725,0.082948833,299,117.807433,20.05151647,104881
558,10/12/2022,0,0,0,0.23942752,16.51742814,0,0,0.879998674,0,0,295.1651357,2.345699413,0.539289241,0.23358036,0.191015786,295,101.730866,22.54901647,122460
559,10/13/2022,0,0,0,0.19309214,17.27044039,0,0,0.880004168,0,0,297.1746179,2.345618345,0.538695037,0.184151727,0.187479125,249,99.21415,22.55261647,123759
560,10/20/2022,0,0,0,0.22689453,13.00146497,0,0,0.879998674,0,0,292.0809986,2.344969802,0.535971604,0.17626496,0.184673179,384,100.368613,23.83061647,131706
561,10/21/2022,0,0,8.694,0.19371572,14.82617778,0,0,0.879998674,0,0,292.6676982,2.344969802,0.535624986,0.142473521,0.181682119,322,100.990978,23.74691647,132837
562,10/28/2022,0,7.822,0,0.06469315,8.749957978,0,0,0.866078195,2.81E-05,0,282.9064295,2.344321258,0.533545273,0.065105598,0.170390136,162,96.6793275,24.75131647,138104
563,10/29/2022,0,0,46.509,0.06185031,10.65227669,0,9.47E-08,0.863924751,1.51E-05,0,288.0022111,2.344321258,0.533248171,0.063354149,0.16918202,144,93.39967,24.60304235,138842
564,11/6/2022,0,0,0,0.041540742,13.0074859,8.67E-19,2.17E-19,0.880004287,2.78E-17,0,289.3740041,2.343857254,0.530955747,0.050272378,0.161331834,437,103.36746,25.39616824,145273
565,11/14/2022,0,0,0,0.032296896,8.88801906,8.67E-19,2.17E-19,0.87999892,2.78E-17,0,288.4090117,2.343238843,0.528482274,0.036588967,0.154805161,475,64.8211842,26.4933,153313
566,11/21/2022,0,0,0,0.03590396,5.199592184,8.67E-19,2.17E-19,0.859722283,2.78E-17,0.00E+00,282.1374257,2.343161541,0.527344476,0.038209371,0.150036815,880,43.4987117,27.48956824,162900
567,11/29/2022,0,5.329,0,0.03315282,9.575192099,8.67E-19,1.24E-06,0.809417117,0.000395795,0.00E+00,286.4496275,2.343161541,0.526305618,0.037637464,0.137390764,830,74.855655,28.71896824,177225
568,12/8/2022,0,0,0,0.032413065,9.151465501,0.00E+00,0,0.879998793,0,0.00E+00,286.7269051,2.343131402,0.525104858,0.074388917,0.13123866,859,57.0280317,30.53463529,194869
569,12/15/2022,0,0,0,0.007921755,3.122297702,0.00E+00,0,0.873747211,0.000132896,0.00E+00,280.4316961,2.343131402,0.524118468,0.024900846,0.127819231,826,87.2603025,32.27824235,209185
570,12/16/2022,0,0,0,0.004913837,2.833449782,0.00E+00,0,0.870445628,0.000127784,0.00E+00,281.2473371,2.343131402,0.523822551,0.022796085,0.127694012,701,55.36188,31.99406824,210684
571,12/24/2022,0,0,0,0.018804058,1.352895406,0.00E+00,0,0.862518533,8.18E-05,0.00E+00,276.3087555,2.342520695,0.521356575,0.016335201,0.115403331,342,52.051615,32.5989,219335
572,1/8/2023,0,0,6.506,0.010179088,6.919323431,0,2.17E-19,0.857118384,0,0.00E+00,285.2116084,2.341566694,0.516794456,0.016093428,0.084865874,428,59.79666,34.02176824,237902
573,2/1/2023,0,0,0,0.001355827,5.545807728,0,3.19E-06,0.794300381,0.000402033,0,285.3267006,2.342136875,0.522072661,0.02548481,0.04850543,355,84.6870267,35.99456824,262309
574,2/2/2023,0,0,0,0.00E+00,5.271491025,0,2.30E-06,0.787081948,0.000244989,0,284.2305088,2.342290811,0.522523544,0.024329512,0.047103477,345,111.346743,35.94146824,263126
575,2/9/2023,0,0,0,0.002452172,5.864383635,0,0,0.875636851,0.000207298,0,285.9099238,2.34275262,0.525629628,0.013435054,0.041432889,364,85.8593867,36.5778,268796
576,2/10/2023,0,0,0,0.003315456,1.487552476,0,0,0.874615063,0.000188453,0,278.5332104,2.342906556,0.526080511,0.014717435,0.041307341,377,86.0080667,36.39146824,269624
577,3/29/2023,0,0,0,0.012375057,12.16511765,0,0,0.879999278,0,0,289.1160446,2.344231777,0.531200336,0.031630955,0.02511691,468,461.48074,41.01791647,327903
578,4/6/2023,0,0,0,0.007654876,10.62231128,0.00E+00,0,0.879998436,0,0,285.7120902,2.344714207,0.532943151,0.020074235,0.021355009,366,247.316767,41.80564235,336412
579,4/15/2023,0,0,0,0.008780755,15.24911318,0.00E+00,0,0.879998436,0,0,294.456755,2.345376579,0.53490326,0.020133362,0.021076039,2010,328.904637,42.0426,350349
580,4/30/2023,0,0,0,0.014525063,20.83745642,0.00E+00,0,0.880003929,0,0,297.7084952,2.345376579,0.536192805,0.028671277,0.020425107,2680,354.475625,46.05704824,422931
581,5/9/2023,0,0,0.966,0.014666215,22.66884291,0,0,0.879998912,0,0,302.2801832,2.345295738,0.536919898,0.027796153,0.019253918,3220,227.644025,48.05684824,466491
